-- phpMyAdmin SQL Dump
-- version 5.1.3
-- https://www.phpmyadmin.net/
--
-- Hôte : localhost
-- Généré le : mar. 11 juil. 2023 à 14:29
-- Version du serveur : 10.6.12-MariaDB-0ubuntu0.22.04.1
-- Version de PHP : 8.2.7

SET FOREIGN_KEY_CHECKS=0;
SET SQL_MODE = "NO_AUTO_VALUE_ON_ZERO";
START TRANSACTION;
SET time_zone = "+00:00";


/*!40101 SET @OLD_CHARACTER_SET_CLIENT=@@CHARACTER_SET_CLIENT */;
/*!40101 SET @OLD_CHARACTER_SET_RESULTS=@@CHARACTER_SET_RESULTS */;
/*!40101 SET @OLD_COLLATION_CONNECTION=@@COLLATION_CONNECTION */;
/*!40101 SET NAMES utf8mb4 */;

--
-- Base de données : `test`
--
CREATE DATABASE IF NOT EXISTS `test` DEFAULT CHARACTER SET utf8mb4 COLLATE utf8mb4_general_ci;
USE `test`;

-- --------------------------------------------------------

--
-- Structure de la table `categorie`
--

DROP TABLE IF EXISTS `categorie`;
CREATE TABLE IF NOT EXISTS `categorie` (
  `id` bigint(20) UNSIGNED NOT NULL AUTO_INCREMENT,
  `name` varchar(190) NOT NULL,
  PRIMARY KEY (`id`)
) ENGINE=InnoDB AUTO_INCREMENT=4 DEFAULT CHARSET=utf8mb4 COLLATE=utf8mb4_general_ci;

--
-- Déchargement des données de la table `categorie`
--

INSERT INTO `categorie` (`id`, `name`) VALUES
(1, 'foo'),
(2, 'bar'),
(3, 'baz');

-- --------------------------------------------------------

--
-- Structure de la table `projet`
--

DROP TABLE IF EXISTS `projet`;
CREATE TABLE IF NOT EXISTS `projet` (
  `id` bigint(20) UNSIGNED NOT NULL AUTO_INCREMENT,
  `titre` varchar(190) NOT NULL,
  PRIMARY KEY (`id`)
) ENGINE=InnoDB AUTO_INCREMENT=101 DEFAULT CHARSET=utf8mb4 COLLATE=utf8mb4_general_ci;

--
-- Déchargement des données de la table `projet`
--

INSERT INTO `projet` (`id`, `titre`) VALUES
(1, 'nisi at'),
(2, 'morbi sem mauris laoreet'),
(3, 'nulla'),
(4, 'id nisl venenatis'),
(5, 'nibh in quis justo maecenas'),
(6, 'augue vestibulum ante ipsum primis'),
(7, 'lobortis sapien'),
(8, 'volutpat'),
(9, 'tellus in sagittis'),
(10, 'morbi a ipsum integer a'),
(11, 'ac'),
(12, 'sapien quis libero nullam'),
(13, 'elit sodales scelerisque mauris'),
(14, 'justo in'),
(15, 'est et tempus semper est'),
(16, 'non sodales sed tincidunt eu'),
(17, 'quisque erat eros'),
(18, 'vulputate ut ultrices vel augue'),
(19, 'platea dictumst morbi vestibulum velit'),
(20, 'amet nulla quisque'),
(21, 'blandit'),
(22, 'orci pede venenatis non sodales'),
(23, 'non pretium quis lectus'),
(24, 'eu'),
(25, 'sit amet lobortis sapien sapien'),
(26, 'nam ultrices libero non'),
(27, 'in faucibus orci luctus'),
(28, 'elit proin'),
(29, 'id nisl venenatis lacinia'),
(30, 'id'),
(31, 'mauris vulputate'),
(32, 'turpis'),
(33, 'vel enim sit amet'),
(34, 'sapien urna'),
(35, 'metus vitae ipsum aliquam non'),
(36, 'vestibulum velit id pretium'),
(37, 'mi'),
(38, 'aliquam convallis nunc proin'),
(39, 'a nibh in'),
(40, 'tristique in tempus sit amet'),
(41, 'faucibus orci luctus et'),
(42, 'faucibus cursus urna'),
(43, 'sollicitudin vitae consectetuer'),
(44, 'velit donec diam neque vestibulum'),
(45, 'amet turpis'),
(46, 'lacinia nisi venenatis'),
(47, 'odio porttitor id consequat'),
(48, 'est donec odio justo'),
(49, 'maecenas ut'),
(50, 'in'),
(51, 'tellus'),
(52, 'at turpis a pede'),
(53, 'fusce'),
(54, 'cursus vestibulum'),
(55, 'sit amet eleifend pede libero'),
(56, 'vel'),
(57, 'arcu libero rutrum'),
(58, 'sapien'),
(59, 'mauris vulputate elementum nullam varius'),
(60, 'a odio'),
(61, 'amet'),
(62, 'porta volutpat quam pede lobortis'),
(63, 'vestibulum ac est lacinia'),
(64, 'quam nec'),
(65, 'accumsan felis ut at dolor'),
(66, 'diam'),
(67, 'vel augue vestibulum rutrum rutrum'),
(68, 'tincidunt in'),
(69, 'ac enim in tempor turpis'),
(70, 'in sagittis dui vel'),
(71, 'eu magna vulputate luctus cum'),
(72, 'primis in'),
(73, 'nunc'),
(74, 'quam'),
(75, 'tincidunt in leo maecenas pulvinar'),
(76, 'quam pharetra magna ac'),
(77, 'sollicitudin ut suscipit'),
(78, 'ut dolor morbi'),
(79, 'justo'),
(80, 'sit amet'),
(81, 'lacus'),
(82, 'nulla elit ac nulla'),
(83, 'imperdiet sapien urna pretium'),
(84, 'sed augue aliquam erat volutpat'),
(85, 'in est'),
(86, 'elementum ligula vehicula consequat morbi'),
(87, 'vitae nisi nam ultrices'),
(88, 'hac habitasse'),
(89, 'cum sociis natoque penatibus et'),
(90, 'arcu libero rutrum'),
(91, 'convallis eget eleifend luctus ultricies'),
(92, 'consectetuer adipiscing elit proin risus'),
(93, 'justo nec condimentum'),
(94, 'faucibus orci luctus et'),
(95, 'parturient montes'),
(96, 'ullamcorper purus'),
(97, 'libero rutrum ac lobortis vel'),
(98, 'urna pretium nisl'),
(99, 'morbi vestibulum velit id'),
(100, 'posuere cubilia curae nulla dapibus');

-- --------------------------------------------------------

--
-- Structure de la table `projet_utilisateur`
--

DROP TABLE IF EXISTS `projet_utilisateur`;
CREATE TABLE IF NOT EXISTS `projet_utilisateur` (
  `projet_id` bigint(20) UNSIGNED NOT NULL,
  `utilisateur_id` bigint(20) UNSIGNED NOT NULL,
  KEY `idx_projet_id` (`projet_id`),
  KEY `idx_utilisateur_id` (`utilisateur_id`)
) ENGINE=InnoDB DEFAULT CHARSET=utf8mb4 COLLATE=utf8mb4_general_ci;

--
-- Déchargement des données de la table `projet_utilisateur`
--

INSERT INTO `projet_utilisateur` (`projet_id`, `utilisateur_id`) VALUES
(42, 1),
(43, 1),
(44, 1),
(42, 2),
(73, 2),
(74, 2);

-- --------------------------------------------------------

--
-- Structure de la table `utilisateur`
--

DROP TABLE IF EXISTS `utilisateur`;
CREATE TABLE IF NOT EXISTS `utilisateur` (
  `id` bigint(20) UNSIGNED NOT NULL AUTO_INCREMENT,
  `email` varchar(190) NOT NULL,
  `password` varchar(190) NOT NULL,
  `newsletter` tinyint(1) NOT NULL DEFAULT 0,
  `categorie_id` bigint(20) UNSIGNED NOT NULL,
  `created_at` timestamp NOT NULL DEFAULT current_timestamp(),
  `updated_at` datetime DEFAULT NULL,
  `deleted_at` datetime DEFAULT NULL,
  PRIMARY KEY (`id`),
  UNIQUE KEY `idx_email_unique` (`email`),
  KEY `fk_categorie_id` (`categorie_id`)
) ENGINE=InnoDB AUTO_INCREMENT=1001 DEFAULT CHARSET=utf8mb4 COLLATE=utf8mb4_general_ci;

--
-- Déchargement des données de la table `utilisateur`
--

INSERT INTO `utilisateur` (`id`, `email`, `password`, `newsletter`, `categorie_id`, `created_at`, `updated_at`, `deleted_at`) VALUES
(1, 'plilleman0@icq.com', '123', 1, 3, '2023-04-11 00:48:59', '2022-07-28 20:12:42', NULL),
(2, 'rguinery1@earthlink.net', '123', 1, 3, '2022-07-23 08:59:09', NULL, NULL),
(3, 'owitcomb2@dagondesign.com', '123', 1, 2, '2023-03-03 10:35:42', NULL, NULL),
(4, 'bquilter3@yahoo.co.jp', '123', 1, 2, '2022-11-11 13:16:49', NULL, NULL),
(5, 'wfisbburne4@elpais.com', '123', 0, 3, '2023-04-08 16:09:49', '2023-05-20 22:21:09', NULL),
(6, 'ispeeks5@fda.gov', '123', 0, 2, '2023-05-16 02:09:32', '2023-05-16 02:30:23', NULL),
(7, 'fnettles6@thetimes.co.uk', '123', 0, 3, '2022-11-26 20:47:00', NULL, NULL),
(8, 'tceller7@sfgate.com', '123', 0, 3, '2022-09-04 07:48:28', NULL, NULL),
(9, 'mkybbye8@chronoengine.com', '123', 0, 1, '2023-04-25 06:40:44', NULL, NULL),
(10, 'faitcheson9@hc360.com', '123', 1, 2, '2022-12-28 11:28:34', NULL, NULL),
(11, 'rjorcka@trellian.com', '123', 0, 1, '2022-07-15 20:18:42', '2023-01-21 09:45:23', NULL),
(12, 'fosipovb@histats.com', '123', 0, 3, '2023-04-13 03:51:10', '2022-08-03 06:45:33', NULL),
(13, 'gmonahanc@guardian.co.uk', '123', 1, 3, '2023-06-03 12:14:42', NULL, NULL),
(14, 'vfiddymontd@delicious.com', '123', 1, 1, '2023-03-07 05:38:57', NULL, NULL),
(15, 'sdemetere@1688.com', '123', 1, 2, '2022-07-07 16:47:58', NULL, NULL),
(16, 'egobellf@businessweek.com', '123', 1, 1, '2022-09-14 00:10:37', NULL, NULL),
(17, 'cdurnallg@altervista.org', '123', 0, 1, '2022-10-15 08:21:46', NULL, NULL),
(18, 'btoulminh@marketwatch.com', '123', 1, 2, '2022-12-20 14:26:11', NULL, NULL),
(19, 'dsargersoni@unesco.org', '123', 1, 1, '2022-07-22 07:25:15', NULL, NULL),
(20, 'hbaseyj@washington.edu', '123', 1, 3, '2023-03-11 09:00:13', '2023-04-25 21:59:57', NULL),
(21, 'sgribbonk@guardian.co.uk', '123', 0, 3, '2022-08-17 21:53:20', NULL, NULL),
(22, 'rpizerl@live.com', '123', 0, 3, '2022-11-27 20:48:25', NULL, NULL),
(23, 'dnetleym@nyu.edu', '123', 1, 1, '2023-02-06 21:54:42', '2023-06-22 06:46:01', NULL),
(24, 'llambswoodn@usatoday.com', '123', 0, 3, '2022-07-31 08:21:31', NULL, NULL),
(25, 'lstockneyo@marketwatch.com', '123', 1, 1, '2023-05-01 16:04:53', '2022-08-21 16:43:19', NULL),
(26, 'kfalconertaylorp@paginegialle.it', '123', 0, 2, '2022-08-16 23:57:08', NULL, '2022-08-09 00:43:20'),
(27, 'ischoleq@jalbum.net', '123', 1, 3, '2023-06-04 07:03:03', '2023-01-03 22:25:32', NULL),
(28, 'bkofaxr@si.edu', '123', 0, 2, '2023-01-14 14:52:44', NULL, NULL),
(29, 'vyeowells@ask.com', '123', 0, 1, '2023-05-26 07:46:25', NULL, NULL),
(30, 'gstebbint@friendfeed.com', '123', 1, 1, '2022-10-28 20:39:52', NULL, NULL),
(31, 'glukesu@newsvine.com', '123', 0, 1, '2022-11-19 12:17:26', NULL, NULL),
(32, 'bhayfieldv@ihg.com', '123', 0, 1, '2022-12-16 10:29:40', NULL, NULL),
(33, 'nbritonw@instagram.com', '123', 0, 2, '2023-04-22 16:22:46', NULL, NULL),
(34, 'serasmusx@joomla.org', '123', 0, 1, '2022-08-25 17:24:07', '2022-09-01 06:53:25', NULL),
(35, 'ajorisy@cnn.com', '123', 0, 1, '2023-05-22 08:11:05', NULL, NULL),
(36, 'btrappz@bigcartel.com', '123', 0, 3, '2022-08-26 09:36:09', '2022-07-31 23:35:22', NULL),
(37, 'mvalde10@hhs.gov', '123', 0, 2, '2023-01-02 18:53:22', '2022-08-18 07:49:09', NULL),
(38, 'jstriker11@t.co', '123', 0, 2, '2022-07-18 07:57:18', NULL, NULL),
(39, 'phaxby12@ca.gov', '123', 1, 1, '2023-01-02 12:03:34', '2022-09-27 23:33:53', NULL),
(40, 'jpidgin13@samsung.com', '123', 1, 3, '2022-11-20 06:35:13', NULL, NULL),
(41, 'rgillio14@furl.net', '123', 1, 3, '2022-09-22 19:03:03', NULL, NULL),
(42, 'divashnikov15@webnode.com', '123', 0, 2, '2023-03-10 05:14:37', NULL, NULL),
(43, 'pmckitterick16@jigsy.com', '123', 1, 1, '2023-02-19 22:54:16', '2022-09-23 00:09:43', NULL),
(44, 'dmunden17@blog.com', '123', 1, 1, '2023-02-19 21:44:48', '2022-10-12 21:13:45', NULL),
(45, 'dsunnucks18@narod.ru', '123', 1, 2, '2022-10-08 09:31:51', '2023-05-02 09:01:21', NULL),
(46, 'agillham19@miitbeian.gov.cn', '123', 1, 2, '2022-12-26 15:39:10', NULL, NULL),
(47, 'dwoffenden1a@dailymotion.com', '123', 1, 2, '2023-02-02 21:22:26', NULL, NULL),
(48, 'ptolmie1b@dot.gov', '123', 1, 3, '2023-03-29 06:51:35', NULL, NULL),
(49, 'jquilty1c@cbslocal.com', '123', 1, 1, '2022-10-05 19:53:31', '2023-04-19 17:22:33', NULL),
(50, 'jkynoch1d@sbwire.com', '123', 1, 3, '2023-05-02 16:39:43', NULL, NULL),
(51, 'helston1e@biglobe.ne.jp', '123', 1, 2, '2023-03-23 08:35:59', '2022-10-17 08:31:53', NULL),
(52, 'nsouthern1f@uiuc.edu', '123', 0, 1, '2023-06-10 03:10:28', NULL, NULL),
(53, 'dstutter1g@upenn.edu', '123', 0, 1, '2022-09-28 11:14:54', NULL, NULL),
(54, 'mjest1h@moonfruit.com', '123', 1, 2, '2022-12-11 11:10:39', NULL, '2022-11-04 13:57:38'),
(55, 'nkieff1i@domainmarket.com', '123', 1, 2, '2023-01-25 02:00:15', '2022-09-27 17:33:49', NULL),
(56, 'cphythean1j@hibu.com', '123', 0, 1, '2022-10-28 17:01:56', '2023-01-12 13:34:29', NULL),
(57, 'dnorton1k@rediff.com', '123', 0, 3, '2022-11-26 05:47:26', '2023-02-12 03:17:08', NULL),
(58, 'awillars1l@quantcast.com', '123', 0, 2, '2023-02-02 12:20:33', NULL, NULL),
(59, 'vpearch1m@yahoo.co.jp', '123', 0, 3, '2023-05-12 08:15:03', NULL, NULL),
(60, 'khillan1n@mozilla.org', '123', 1, 2, '2023-01-02 13:12:20', NULL, NULL),
(61, 'hnarducci1o@fotki.com', '123', 1, 2, '2023-02-10 11:33:42', NULL, NULL),
(62, 'agrumbridge1p@posterous.com', '123', 1, 2, '2023-01-22 14:23:19', '2023-05-27 08:31:29', NULL),
(63, 'fmorrilly1q@usnews.com', '123', 0, 1, '2022-07-08 10:22:51', NULL, NULL),
(64, 'kescot1r@cyberchimps.com', '123', 0, 1, '2023-05-16 00:48:40', NULL, NULL),
(65, 'keliesco1s@goodreads.com', '123', 0, 1, '2022-11-28 10:11:23', NULL, NULL),
(66, 'sblabey1t@blogtalkradio.com', '123', 0, 1, '2022-11-30 08:38:21', '2023-04-21 13:53:29', NULL),
(67, 'acobbald1u@auda.org.au', '123', 1, 3, '2022-07-05 12:42:43', NULL, NULL),
(68, 'atolliday1v@cbsnews.com', '123', 0, 3, '2023-02-03 09:59:14', NULL, '2022-08-29 12:26:24'),
(69, 'cohdirscoll1w@hatena.ne.jp', '123', 0, 3, '2023-01-22 19:40:35', NULL, NULL),
(70, 'gbouzan1x@tmall.com', '123', 0, 1, '2023-02-03 16:25:48', NULL, NULL),
(71, 'mbodemeaid1y@house.gov', '123', 1, 3, '2022-11-21 15:17:02', '2023-05-26 06:34:53', NULL),
(72, 'jfrayn1z@ox.ac.uk', '123', 1, 3, '2023-01-14 07:38:49', NULL, NULL),
(73, 'mbarnsdall20@spiegel.de', '123', 0, 2, '2022-10-09 05:28:23', NULL, NULL),
(74, 'bmewha21@google.fr', '123', 1, 3, '2022-07-24 05:50:35', NULL, NULL),
(75, 'mgrigaut22@slate.com', '123', 0, 2, '2023-03-04 02:44:03', NULL, NULL),
(76, 'sstudart23@tamu.edu', '123', 0, 2, '2022-12-11 09:18:18', '2023-06-21 18:34:53', NULL),
(77, 'nbrisson24@yale.edu', '123', 1, 1, '2022-09-02 04:28:53', NULL, NULL),
(78, 'ccolbourne25@gmpg.org', '123', 0, 3, '2022-11-01 17:28:15', '2022-09-08 20:48:43', NULL),
(79, 'sgerrish26@skype.com', '123', 0, 1, '2023-06-27 16:38:01', '2023-05-04 04:52:23', NULL),
(80, 'baldhouse27@weather.com', '123', 0, 3, '2022-07-21 05:46:25', '2022-11-25 17:10:38', NULL),
(81, 'lrichardin28@bbc.co.uk', '123', 1, 1, '2022-10-06 13:49:24', '2023-05-03 00:58:23', NULL),
(82, 'gbarense29@opera.com', '123', 1, 2, '2022-10-27 09:59:37', NULL, NULL),
(83, 'dlehemann2a@ovh.net', '123', 0, 3, '2022-09-26 20:03:59', NULL, NULL),
(84, 'zclutten2b@rambler.ru', '123', 0, 2, '2022-09-05 10:47:23', NULL, NULL),
(85, 'gcolleck2c@nytimes.com', '123', 0, 1, '2022-12-16 01:54:04', '2023-06-16 19:03:43', NULL),
(86, 'sgimblet2d@ftc.gov', '123', 0, 3, '2022-10-25 01:13:15', NULL, NULL),
(87, 'vkydd2e@msu.edu', '123', 1, 1, '2022-07-15 05:25:17', NULL, NULL),
(88, 'lflaonier2f@reddit.com', '123', 1, 1, '2022-09-21 14:20:41', NULL, NULL),
(89, 'gfishpool2g@4shared.com', '123', 0, 1, '2022-11-04 10:54:15', NULL, NULL),
(90, 'kblastock2h@sbwire.com', '123', 0, 3, '2023-06-13 15:41:47', '2022-09-21 06:57:13', NULL),
(91, 'joxtarby2i@google.fr', '123', 0, 3, '2022-10-25 00:06:31', NULL, NULL),
(92, 'lbloxam2j@1688.com', '123', 0, 2, '2022-09-25 01:13:53', NULL, NULL),
(93, 'pmccluskey2k@devhub.com', '123', 1, 1, '2023-01-22 06:34:27', NULL, NULL),
(94, 'abenmore2l@apple.com', '123', 1, 2, '2023-06-03 00:01:39', NULL, NULL),
(95, 'mbrunone2m@jimdo.com', '123', 1, 2, '2023-06-04 02:55:00', '2022-09-30 14:10:05', NULL),
(96, 'nscarlet2n@disqus.com', '123', 1, 3, '2023-01-28 17:32:53', NULL, NULL),
(97, 'jmcsporrin2o@state.tx.us', '123', 1, 3, '2023-01-09 18:22:26', NULL, NULL),
(98, 'tyeldham2p@netvibes.com', '123', 1, 2, '2022-08-14 10:59:36', NULL, NULL),
(99, 'dshillabear2q@answers.com', '123', 0, 3, '2022-07-14 07:40:48', NULL, NULL),
(100, 'jixer2r@shutterfly.com', '123', 1, 2, '2023-06-18 09:05:33', '2022-11-14 12:37:21', '2022-10-14 21:18:38'),
(101, 'dmarkwelley2s@goodreads.com', '123', 0, 1, '2022-08-10 07:20:17', NULL, NULL),
(102, 'jholberry2t@usda.gov', '123', 0, 3, '2022-12-26 03:10:43', '2023-04-11 03:01:57', NULL),
(103, 'pspadaro2u@pen.io', '123', 1, 1, '2023-02-17 02:44:41', '2022-08-13 17:52:54', '2022-12-12 23:37:59'),
(104, 'acranham2v@telegraph.co.uk', '123', 0, 2, '2022-11-27 14:46:46', NULL, NULL),
(105, 'kbarrick2w@skyrock.com', '123', 1, 3, '2023-04-09 09:29:15', '2023-06-18 11:15:11', NULL),
(106, 'fletrange2x@house.gov', '123', 1, 3, '2023-01-29 11:50:43', '2022-12-11 02:51:09', NULL),
(107, 'bsara2y@dropbox.com', '123', 1, 2, '2022-07-22 18:09:32', NULL, NULL),
(108, 'kcabrara2z@cbsnews.com', '123', 1, 2, '2022-12-09 19:55:51', '2022-12-27 09:37:27', NULL),
(109, 'erozsa30@canalblog.com', '123', 0, 2, '2023-06-16 03:49:20', NULL, NULL),
(110, 'tnancarrow31@upenn.edu', '123', 0, 2, '2022-08-24 14:23:21', NULL, NULL),
(111, 'rdablin32@rakuten.co.jp', '123', 0, 3, '2022-08-28 12:58:37', NULL, NULL),
(112, 'scommin33@seesaa.net', '123', 1, 2, '2023-06-05 16:21:20', NULL, NULL),
(113, 'ahigbin34@reddit.com', '123', 1, 1, '2023-03-06 12:55:56', NULL, NULL),
(114, 'sklulicek35@discuz.net', '123', 1, 2, '2023-04-30 22:56:48', '2022-09-11 03:32:58', NULL),
(115, 'ealison36@mail.ru', '123', 0, 3, '2023-05-25 06:12:39', NULL, NULL),
(116, 'cshetliff37@g.co', '123', 1, 1, '2023-03-25 02:24:50', NULL, '2023-04-11 20:18:31'),
(117, 'iovenden38@cpanel.net', '123', 0, 1, '2023-06-15 14:24:12', NULL, NULL),
(118, 'bbiggam39@de.vu', '123', 0, 1, '2023-05-30 03:20:37', '2023-01-23 04:40:59', NULL),
(119, 'gshakespeare3a@ibm.com', '123', 1, 2, '2023-04-30 02:21:42', '2023-06-20 23:22:22', NULL),
(120, 'cfarr3b@dyndns.org', '123', 0, 3, '2022-07-26 10:14:38', NULL, NULL),
(121, 'ttibald3c@oracle.com', '123', 1, 1, '2023-01-28 03:01:23', '2023-03-28 03:01:51', '2022-12-05 20:41:54'),
(122, 'jrehorek3d@friendfeed.com', '123', 1, 3, '2023-05-12 07:31:20', '2023-04-12 03:22:26', NULL),
(123, 'rslayton3e@earthlink.net', '123', 1, 1, '2023-02-26 23:38:18', NULL, NULL),
(124, 'tmcaline3f@zimbio.com', '123', 0, 2, '2022-10-08 16:28:46', NULL, NULL),
(125, 'llanda3g@booking.com', '123', 0, 2, '2023-06-19 03:27:54', NULL, NULL),
(126, 'dkirtland3h@furl.net', '123', 0, 2, '2022-11-26 16:18:53', NULL, NULL),
(127, 'cstratton3i@gnu.org', '123', 0, 1, '2023-01-23 09:52:51', NULL, NULL),
(128, 'aveschambes3j@ed.gov', '123', 0, 1, '2023-02-23 20:37:32', NULL, NULL),
(129, 'nfatscher3k@indiatimes.com', '123', 1, 1, '2023-01-08 07:56:00', NULL, NULL),
(130, 'talban3l@ibm.com', '123', 1, 3, '2022-12-11 22:26:38', NULL, NULL),
(131, 'emyner3m@jalbum.net', '123', 0, 1, '2023-05-26 11:34:56', NULL, NULL),
(132, 'bsalvati3n@apple.com', '123', 0, 2, '2022-11-25 18:56:23', NULL, NULL),
(133, 'renterle3o@mayoclinic.com', '123', 1, 3, '2023-05-20 23:09:30', NULL, NULL),
(134, 'eskingle3p@chicagotribune.com', '123', 0, 1, '2022-11-13 12:44:32', NULL, NULL),
(135, 'lhallows3q@constantcontact.com', '123', 1, 3, '2022-08-01 23:07:32', NULL, NULL),
(136, 'lperel3r@engadget.com', '123', 0, 2, '2023-04-10 18:35:19', '2022-12-10 22:12:27', NULL),
(137, 'lblees3s@360.cn', '123', 1, 1, '2023-04-16 01:33:27', NULL, NULL),
(138, 'khannant3t@bandcamp.com', '123', 0, 3, '2023-05-13 18:22:28', NULL, NULL),
(139, 'psalterne3u@wunderground.com', '123', 0, 3, '2022-09-29 17:40:48', '2022-10-16 14:20:27', NULL),
(140, 'fhudspith3v@yandex.ru', '123', 1, 1, '2023-05-11 14:29:07', NULL, NULL),
(141, 'dioselevich3w@bloomberg.com', '123', 0, 2, '2022-10-10 20:43:27', NULL, NULL),
(142, 'hkalinovich3x@linkedin.com', '123', 1, 1, '2023-03-05 14:53:55', NULL, NULL),
(143, 'ckeattch3y@flavors.me', '123', 0, 2, '2023-02-03 15:14:50', NULL, NULL),
(144, 'ldimblebee3z@bandcamp.com', '123', 0, 3, '2023-06-15 11:08:57', NULL, NULL),
(145, 'sivanitsa40@purevolume.com', '123', 1, 2, '2022-09-03 17:51:40', NULL, NULL),
(146, 'oforcade41@nhs.uk', '123', 1, 2, '2022-11-25 18:14:16', '2023-01-29 23:28:53', NULL),
(147, 'conion42@techcrunch.com', '123', 1, 3, '2023-04-10 00:17:33', NULL, NULL),
(148, 'byeomans43@auda.org.au', '123', 0, 1, '2023-03-10 20:18:31', NULL, NULL),
(149, 'tyendle44@vimeo.com', '123', 0, 1, '2022-10-17 12:01:25', '2023-04-04 15:05:22', NULL),
(150, 'mdunston45@wikipedia.org', '123', 0, 1, '2022-10-30 15:43:57', NULL, NULL),
(151, 'gbilbrook46@sun.com', '123', 1, 3, '2023-05-23 18:13:08', NULL, NULL),
(152, 'bcrayden47@stumbleupon.com', '123', 0, 2, '2022-07-19 17:26:41', NULL, NULL),
(153, 'istarling48@cnet.com', '123', 0, 3, '2022-07-15 13:25:35', NULL, NULL),
(154, 'edigle49@usnews.com', '123', 0, 1, '2022-12-23 18:39:40', '2022-08-20 09:38:54', NULL),
(155, 'mivakhin4a@theatlantic.com', '123', 0, 1, '2022-12-14 03:07:12', NULL, NULL),
(156, 'cboxell4b@digg.com', '123', 0, 2, '2023-06-03 07:29:21', NULL, NULL),
(157, 'afacher4c@wsj.com', '123', 0, 3, '2023-03-28 05:53:30', '2023-02-17 04:38:38', NULL),
(158, 'ccurreen4d@meetup.com', '123', 0, 3, '2022-07-23 03:05:01', NULL, NULL),
(159, 'jmacclinton4e@nih.gov', '123', 0, 2, '2022-07-14 09:41:15', NULL, NULL),
(160, 'pbrewitt4f@themeforest.net', '123', 1, 2, '2022-09-01 18:07:49', NULL, NULL),
(161, 'bdreinan4g@ucoz.com', '123', 0, 1, '2022-12-02 03:39:07', NULL, NULL),
(162, 'ccastagnier4h@yale.edu', '123', 1, 3, '2022-08-02 08:34:40', NULL, NULL),
(163, 'binnerstone4i@csmonitor.com', '123', 0, 2, '2023-04-11 15:18:59', NULL, NULL),
(164, 'bpentecost4j@purevolume.com', '123', 0, 2, '2023-02-11 19:14:18', NULL, NULL),
(165, 'sbiner4k@nsw.gov.au', '123', 0, 2, '2022-12-22 06:13:00', '2023-06-27 02:33:18', NULL),
(166, 'rgreenman4l@cocolog-nifty.com', '123', 1, 3, '2023-05-14 13:30:39', NULL, NULL),
(167, 'mpullar4m@trellian.com', '123', 0, 2, '2022-12-24 16:59:40', NULL, NULL),
(168, 'bfranciskiewicz4n@craigslist.org', '123', 0, 2, '2022-09-24 03:01:56', NULL, NULL),
(169, 'nlebel4o@usnews.com', '123', 1, 3, '2023-03-18 16:31:57', NULL, NULL),
(170, 'lsudell4p@foxnews.com', '123', 1, 3, '2022-08-13 04:33:49', '2022-07-30 09:10:08', NULL),
(171, 'aferens4q@nytimes.com', '123', 1, 2, '2023-01-01 18:00:50', NULL, NULL),
(172, 'sclimo4r@umich.edu', '123', 1, 3, '2023-05-09 17:36:30', NULL, NULL),
(173, 'asculley4s@bloglines.com', '123', 0, 1, '2023-02-27 09:46:33', '2022-12-06 10:46:50', NULL),
(174, 'ewinskill4t@smh.com.au', '123', 1, 3, '2023-01-30 15:41:59', '2023-05-31 07:09:01', NULL),
(175, 'dchilvers4u@craigslist.org', '123', 1, 1, '2022-11-19 01:11:57', '2023-04-17 19:38:36', NULL),
(176, 'dmarkova4v@forbes.com', '123', 0, 2, '2022-12-07 02:24:38', '2023-02-05 09:16:11', NULL),
(177, 'klean4w@cnn.com', '123', 0, 2, '2023-04-26 03:25:07', NULL, NULL),
(178, 'rbragge4x@dedecms.com', '123', 1, 2, '2022-07-10 10:57:39', NULL, NULL),
(179, 'nleffek4y@merriam-webster.com', '123', 1, 2, '2022-10-23 23:16:36', NULL, NULL),
(180, 'tsuttill4z@spiegel.de', '123', 1, 3, '2023-05-12 05:08:45', '2023-02-10 09:54:51', NULL),
(181, 'igerdes50@techcrunch.com', '123', 0, 2, '2022-10-24 20:56:49', '2023-06-12 09:32:32', NULL),
(182, 'vbiaggelli51@t.co', '123', 0, 3, '2022-12-08 04:32:52', NULL, '2023-06-05 10:09:01'),
(183, 'lcreelman52@simplemachines.org', '123', 1, 3, '2022-11-02 17:42:22', NULL, '2023-06-01 02:29:11'),
(184, 'lcurthoys53@photobucket.com', '123', 1, 1, '2023-01-09 20:41:55', NULL, NULL),
(185, 'amickleburgh54@1688.com', '123', 1, 3, '2023-04-04 11:03:32', NULL, NULL),
(186, 'awebster55@seattletimes.com', '123', 0, 1, '2023-02-22 12:14:55', NULL, NULL),
(187, 'fmilius56@mlb.com', '123', 0, 3, '2022-10-30 21:38:06', NULL, NULL),
(188, 'jarlett57@vimeo.com', '123', 0, 2, '2023-06-02 15:00:28', NULL, NULL),
(189, 'bzielinski58@i2i.jp', '123', 1, 2, '2023-04-10 09:44:09', '2023-06-15 19:16:43', NULL),
(190, 'brobshaw59@nymag.com', '123', 0, 2, '2023-06-20 00:27:44', NULL, NULL),
(191, 'mbusby5a@skyrock.com', '123', 0, 3, '2023-06-28 04:54:47', NULL, NULL),
(192, 'ghembry5b@cnbc.com', '123', 1, 2, '2022-08-10 19:29:31', NULL, NULL),
(193, 'gingham5c@pen.io', '123', 0, 3, '2022-09-10 08:28:55', NULL, NULL),
(194, 'rtrighton5d@parallels.com', '123', 0, 3, '2022-08-12 01:05:39', NULL, '2023-06-01 21:13:44'),
(195, 'gchern5e@networkadvertising.org', '123', 0, 2, '2022-07-06 20:17:16', NULL, NULL),
(196, 'hstoile5f@google.cn', '123', 1, 3, '2022-09-24 12:00:03', NULL, NULL),
(197, 'lmerriment5g@timesonline.co.uk', '123', 1, 1, '2023-02-10 09:53:47', '2022-10-15 14:53:23', NULL),
(198, 'aadshed5h@squarespace.com', '123', 1, 1, '2023-03-17 19:53:53', NULL, NULL),
(199, 'byuryshev5i@hc360.com', '123', 0, 2, '2022-12-09 14:02:56', NULL, NULL),
(200, 'dcockram5j@census.gov', '123', 1, 1, '2022-09-08 15:40:53', '2022-10-07 14:12:21', NULL),
(201, 'jlednor5k@slate.com', '123', 0, 3, '2022-10-12 12:19:32', '2023-06-05 17:05:45', '2023-03-26 21:53:00'),
(202, 'ifortie5l@163.com', '123', 0, 2, '2022-11-29 10:37:27', '2023-04-24 09:41:20', NULL),
(203, 'acreese5m@utexas.edu', '123', 0, 2, '2023-01-23 04:06:06', NULL, NULL),
(204, 'ebeidebeke5n@hubpages.com', '123', 1, 3, '2022-07-26 15:39:08', NULL, NULL),
(205, 'emcgilvray5o@china.com.cn', '123', 1, 2, '2022-10-17 22:44:22', NULL, NULL),
(206, 'bharken5p@1und1.de', '123', 1, 2, '2022-08-22 12:00:04', NULL, NULL),
(207, 'cwoodfine5q@networksolutions.com', '123', 1, 3, '2022-09-16 09:36:57', NULL, NULL),
(208, 'cmcdavitt5r@noaa.gov', '123', 1, 2, '2022-08-26 22:56:59', NULL, NULL),
(209, 'relstub5s@tripod.com', '123', 1, 2, '2023-03-02 04:50:53', NULL, NULL),
(210, 'wivanishin5t@state.gov', '123', 0, 3, '2022-07-06 23:17:33', NULL, NULL),
(211, 'lbackshaw5u@php.net', '123', 1, 1, '2023-06-30 22:49:35', NULL, NULL),
(212, 'sfrift5v@timesonline.co.uk', '123', 1, 1, '2023-03-08 06:06:13', '2022-08-14 18:01:43', NULL),
(213, 'twillowby5w@washington.edu', '123', 0, 2, '2022-12-09 04:46:19', '2022-07-18 20:21:59', NULL),
(214, 'tselcraig5x@howstuffworks.com', '123', 1, 3, '2023-04-18 10:56:32', NULL, NULL),
(215, 'samner5y@360.cn', '123', 0, 3, '2023-05-29 15:43:10', NULL, NULL),
(216, 'ksummons5z@walmart.com', '123', 0, 1, '2023-07-02 23:42:01', NULL, '2023-04-25 12:54:12'),
(217, 'hmaccaig60@1688.com', '123', 0, 3, '2023-02-26 06:41:19', NULL, NULL),
(218, 'kpepper61@ed.gov', '123', 0, 2, '2022-08-06 23:43:48', NULL, '2023-04-04 17:54:17'),
(219, 'ahaversham62@free.fr', '123', 1, 2, '2023-06-13 09:02:24', '2022-07-12 21:59:21', NULL),
(220, 'gbrimmicombe63@ycombinator.com', '123', 0, 1, '2023-07-03 16:08:56', NULL, NULL),
(221, 'kruddiman64@wsj.com', '123', 0, 1, '2022-10-20 13:00:53', NULL, NULL),
(222, 'rroscamp65@people.com.cn', '123', 0, 2, '2022-10-22 05:20:51', NULL, NULL),
(223, 'paloshikin66@upenn.edu', '123', 1, 2, '2022-10-13 03:12:34', NULL, NULL),
(224, 'jkinig67@shop-pro.jp', '123', 1, 3, '2023-02-08 22:46:55', NULL, NULL),
(225, 'ksurr68@sogou.com', '123', 0, 3, '2022-07-21 16:33:31', NULL, NULL),
(226, 'rlowson69@constantcontact.com', '123', 1, 1, '2022-10-16 16:32:38', NULL, NULL),
(227, 'wthormwell6a@opera.com', '123', 0, 1, '2022-08-06 01:50:33', '2022-12-24 04:00:28', NULL),
(228, 'ninmett6b@ycombinator.com', '123', 1, 2, '2022-08-15 21:10:04', '2023-01-11 15:40:05', NULL),
(229, 'llaguerre6c@123-reg.co.uk', '123', 0, 2, '2023-03-15 03:48:08', NULL, NULL),
(230, 'sphelit6d@comsenz.com', '123', 1, 3, '2023-03-31 11:02:51', NULL, NULL),
(231, 'ggabbott6e@about.com', '123', 0, 2, '2023-06-28 21:37:14', NULL, NULL),
(232, 'vislip6f@jiathis.com', '123', 1, 2, '2022-10-27 04:24:23', NULL, NULL),
(233, 'chauck6g@washingtonpost.com', '123', 0, 3, '2022-11-06 06:43:01', NULL, NULL),
(234, 'ztadgell6h@princeton.edu', '123', 1, 2, '2023-03-21 02:29:40', '2023-03-30 22:58:41', '2022-12-15 20:08:16'),
(235, 'hdeaville6i@squarespace.com', '123', 1, 1, '2023-02-12 04:57:07', NULL, NULL),
(236, 'lromanet6j@guardian.co.uk', '123', 0, 3, '2022-12-05 16:56:24', NULL, NULL),
(237, 'bgodsal6k@merriam-webster.com', '123', 0, 3, '2022-12-10 13:25:05', NULL, NULL),
(238, 'vlackmann6l@mtv.com', '123', 1, 3, '2023-03-29 07:07:24', '2023-03-11 23:38:58', NULL),
(239, 'sjedras6m@senate.gov', '123', 0, 3, '2023-05-24 20:32:00', NULL, NULL),
(240, 'heakley6n@bandcamp.com', '123', 1, 2, '2022-10-10 04:30:41', NULL, '2022-07-29 18:09:53'),
(241, 'aachrameev6o@godaddy.com', '123', 0, 2, '2023-01-27 23:07:54', NULL, '2022-09-24 18:15:06'),
(242, 'dmapplebeck6p@mozilla.com', '123', 0, 2, '2022-09-08 12:09:27', '2023-01-01 17:58:46', NULL),
(243, 'dmoyler6q@google.it', '123', 1, 1, '2023-05-04 21:01:22', NULL, NULL),
(244, 'nknifton6r@ycombinator.com', '123', 1, 3, '2022-11-06 07:42:46', NULL, NULL),
(245, 'kfarrance6s@pagesperso-orange.fr', '123', 0, 3, '2023-06-06 02:15:14', NULL, NULL),
(246, 'phupe6t@theguardian.com', '123', 0, 3, '2022-11-06 05:19:00', NULL, NULL),
(247, 'bportingale6u@ed.gov', '123', 1, 1, '2023-06-18 22:12:29', NULL, NULL),
(248, 'kormesher6v@feedburner.com', '123', 1, 1, '2022-10-06 15:24:33', '2023-05-23 18:00:29', NULL),
(249, 'jturbayne6w@mit.edu', '123', 1, 1, '2022-12-25 16:29:10', NULL, NULL),
(250, 'nmatyja6x@xinhuanet.com', '123', 1, 1, '2022-12-05 22:41:04', '2022-10-20 21:31:08', NULL),
(251, 'cmeakin6y@theglobeandmail.com', '123', 1, 1, '2022-07-06 03:20:38', NULL, NULL),
(252, 'adearth6z@vistaprint.com', '123', 0, 3, '2023-03-22 10:45:59', NULL, NULL),
(253, 'dgerram70@google.fr', '123', 1, 1, '2023-06-26 15:37:55', '2022-07-15 20:37:03', NULL),
(254, 'rflahy71@gnu.org', '123', 1, 1, '2023-03-31 17:38:11', NULL, NULL),
(255, 'ktomaini72@oracle.com', '123', 0, 3, '2022-11-20 03:20:26', NULL, NULL),
(256, 'esammut73@google.cn', '123', 1, 2, '2022-08-10 08:33:29', NULL, NULL),
(257, 'srominov74@bluehost.com', '123', 1, 2, '2023-05-27 15:50:01', NULL, NULL),
(258, 'pcornthwaite75@linkedin.com', '123', 0, 1, '2023-05-31 23:43:37', '2022-08-30 16:48:24', NULL),
(259, 'troche76@telegraph.co.uk', '123', 0, 3, '2023-06-13 06:06:26', NULL, NULL),
(260, 'mbourdis77@slate.com', '123', 0, 3, '2022-08-13 07:19:03', '2022-08-11 11:59:57', NULL),
(261, 'rflade78@ucoz.com', '123', 0, 2, '2022-07-22 06:43:56', NULL, NULL),
(262, 'ctillard79@unesco.org', '123', 1, 3, '2023-07-03 16:08:23', '2023-05-30 21:02:40', NULL),
(263, 'ldewis7a@wunderground.com', '123', 1, 2, '2022-11-07 01:47:10', '2022-10-12 17:40:18', NULL),
(264, 'jteck7b@delicious.com', '123', 0, 1, '2022-08-09 13:20:23', '2023-01-03 12:42:03', NULL),
(265, 'sarendsen7c@irs.gov', '123', 0, 1, '2023-07-04 08:04:10', NULL, NULL),
(266, 'rlamy7d@cdbaby.com', '123', 1, 1, '2023-06-29 13:01:23', NULL, NULL),
(267, 'ewabersich7e@discovery.com', '123', 1, 2, '2022-09-03 03:55:36', '2023-04-03 09:56:25', NULL),
(268, 'jcombe7f@deviantart.com', '123', 1, 3, '2022-12-27 01:06:17', NULL, NULL),
(269, 'sdrews7g@cmu.edu', '123', 1, 3, '2022-10-10 19:05:31', '2022-08-09 01:58:51', NULL),
(270, 'uvoak7h@topsy.com', '123', 1, 1, '2022-12-20 14:11:47', NULL, NULL),
(271, 'smoncur7i@reference.com', '123', 1, 1, '2023-06-24 06:15:52', NULL, NULL),
(272, 'kyellep7j@deliciousdays.com', '123', 0, 2, '2022-11-17 06:44:35', NULL, NULL),
(273, 'dashfold7k@hud.gov', '123', 1, 1, '2023-06-26 15:38:26', NULL, NULL),
(274, 'wquerrard7l@baidu.com', '123', 0, 2, '2022-12-02 18:21:04', NULL, NULL),
(275, 'bputtrell7m@columbia.edu', '123', 0, 2, '2023-06-19 22:04:26', NULL, NULL),
(276, 'rbaum7n@alibaba.com', '123', 1, 1, '2022-08-19 17:48:29', '2022-08-19 00:53:52', '2022-08-28 12:17:55'),
(277, 'tgrent7o@un.org', '123', 1, 2, '2022-12-30 11:49:58', '2023-05-20 03:22:22', NULL),
(278, 'rcaitlin7p@360.cn', '123', 1, 1, '2022-09-13 14:34:11', NULL, NULL),
(279, 'bfawlkes7q@godaddy.com', '123', 0, 3, '2023-03-02 01:06:54', '2023-06-10 11:28:03', NULL),
(280, 'jbartoszewski7r@businessinsider.com', '123', 1, 2, '2023-02-14 02:31:58', NULL, NULL),
(281, 'mcharles7s@so-net.ne.jp', '123', 1, 2, '2023-02-18 20:07:48', '2023-02-14 07:37:53', NULL),
(282, 'abeall7t@pcworld.com', '123', 0, 1, '2022-12-09 20:09:42', NULL, NULL),
(283, 'wlangdon7u@google.pl', '123', 1, 3, '2022-09-14 13:26:15', NULL, NULL),
(284, 'mbrockwell7v@buzzfeed.com', '123', 0, 1, '2023-02-25 13:01:44', NULL, NULL),
(285, 'aklasing7w@wordpress.com', '123', 1, 1, '2022-07-29 13:00:49', NULL, NULL),
(286, 'aschwandermann7x@rediff.com', '123', 1, 1, '2022-12-30 03:21:03', NULL, NULL),
(287, 'scrigin7y@imageshack.us', '123', 1, 3, '2023-05-14 15:18:14', NULL, NULL),
(288, 'cbellefant7z@mit.edu', '123', 1, 2, '2023-02-07 06:47:35', '2022-12-12 06:50:46', NULL),
(289, 'cduncklee80@slideshare.net', '123', 1, 3, '2022-10-27 06:40:48', NULL, NULL),
(290, 'fheatly81@google.com.hk', '123', 1, 1, '2022-08-11 03:30:18', NULL, NULL),
(291, 'eboulstridge82@hatena.ne.jp', '123', 1, 2, '2023-01-09 03:58:02', '2022-12-23 07:55:20', NULL),
(292, 'mphilippeaux83@wired.com', '123', 1, 3, '2022-11-28 23:38:29', NULL, NULL),
(293, 'rfellona84@apache.org', '123', 0, 3, '2023-05-03 15:52:52', NULL, NULL),
(294, 'bnevitt85@wisc.edu', '123', 0, 3, '2023-01-12 01:07:15', '2022-12-31 07:37:01', NULL),
(295, 'gmcilwraith86@networkadvertising.org', '123', 1, 2, '2023-05-14 01:05:08', NULL, NULL),
(296, 'dmoncur87@arstechnica.com', '123', 0, 1, '2022-09-06 17:26:46', NULL, NULL),
(297, 'cmatthiae88@goo.ne.jp', '123', 0, 1, '2023-01-30 14:25:40', NULL, NULL),
(298, 'doakeshott89@mail.ru', '123', 1, 2, '2022-11-28 00:20:17', NULL, NULL),
(299, 'gmenhci8a@friendfeed.com', '123', 1, 3, '2023-04-06 01:04:07', NULL, NULL),
(300, 'fsowten8b@cbc.ca', '123', 1, 2, '2023-05-10 21:46:58', NULL, NULL),
(301, 'efargher8c@bandcamp.com', '123', 1, 1, '2022-12-16 00:39:37', NULL, NULL),
(302, 'acrack8d@seattletimes.com', '123', 1, 2, '2023-03-16 20:27:32', NULL, NULL),
(303, 'cnode8e@auda.org.au', '123', 1, 3, '2023-06-10 17:30:05', NULL, '2023-03-08 14:15:13'),
(304, 'gbrucker8f@google.com.br', '123', 0, 1, '2022-08-19 13:08:22', NULL, NULL),
(305, 'amcculley8g@gravatar.com', '123', 0, 3, '2022-08-15 05:34:15', NULL, NULL),
(306, 'dstellman8h@timesonline.co.uk', '123', 1, 1, '2022-09-14 09:46:20', NULL, NULL),
(307, 'ekemwal8i@smh.com.au', '123', 1, 3, '2023-01-06 10:09:07', NULL, NULL),
(308, 'cdomelaw8j@php.net', '123', 1, 1, '2022-07-26 21:06:23', NULL, NULL),
(309, 'ialred8k@microsoft.com', '123', 1, 1, '2023-04-16 08:47:15', NULL, NULL),
(310, 'wocurrigan8l@va.gov', '123', 0, 2, '2022-07-09 06:28:00', NULL, NULL),
(311, 'scaret8m@webs.com', '123', 0, 3, '2023-04-29 20:54:46', NULL, NULL),
(312, 'ggraveson8n@reddit.com', '123', 0, 2, '2022-12-02 07:29:07', NULL, NULL),
(313, 'asketchley8o@dailymail.co.uk', '123', 1, 1, '2023-03-26 19:12:21', NULL, NULL),
(314, 'sgrowden8p@stanford.edu', '123', 0, 2, '2022-08-20 03:06:57', NULL, NULL),
(315, 'ccattermoul8q@go.com', '123', 0, 3, '2023-06-18 06:59:32', NULL, '2022-12-27 05:12:23'),
(316, 'rgrowcock8r@rakuten.co.jp', '123', 0, 3, '2022-07-26 07:39:20', '2022-11-17 19:53:19', NULL),
(317, 'eplan8s@nps.gov', '123', 1, 1, '2023-05-06 03:26:54', NULL, NULL),
(318, 'dblenkinsopp8t@businessweek.com', '123', 0, 2, '2023-02-27 02:09:05', NULL, NULL),
(319, 'hwhiskin8u@hud.gov', '123', 1, 2, '2022-09-15 14:21:38', NULL, NULL),
(320, 'scalbaithe8v@cdc.gov', '123', 1, 2, '2022-09-01 19:33:21', '2022-07-26 09:27:33', NULL),
(321, 'vruzicka8w@biblegateway.com', '123', 0, 3, '2022-10-25 22:53:13', NULL, NULL),
(322, 'jcraney8x@ox.ac.uk', '123', 1, 3, '2023-01-19 22:19:13', NULL, NULL),
(323, 'fdoul8y@epa.gov', '123', 1, 2, '2022-07-06 15:32:34', NULL, NULL),
(324, 'sding8z@hubpages.com', '123', 1, 2, '2023-01-15 22:54:39', NULL, '2022-09-18 14:06:11'),
(325, 'aconiff90@si.edu', '123', 0, 3, '2023-07-04 02:52:27', NULL, NULL),
(326, 'gdeble91@domainmarket.com', '123', 0, 3, '2022-09-23 20:15:06', NULL, NULL),
(327, 'mbonsall92@privacy.gov.au', '123', 1, 1, '2022-09-15 20:28:38', '2023-06-14 08:20:36', NULL),
(328, 'ncorringham93@barnesandnoble.com', '123', 1, 2, '2023-03-01 07:11:17', '2023-02-03 15:54:43', NULL),
(329, 'ckeene94@npr.org', '123', 0, 3, '2022-09-09 14:00:51', NULL, NULL),
(330, 'iwhitington95@dyndns.org', '123', 0, 3, '2022-07-18 16:47:28', NULL, '2022-09-23 12:53:21'),
(331, 'etezure96@ucla.edu', '123', 0, 1, '2023-03-05 17:41:29', '2022-09-10 23:17:10', NULL),
(332, 'trobrow97@chicagotribune.com', '123', 0, 3, '2022-09-26 10:01:01', NULL, NULL),
(333, 'ccassie98@themeforest.net', '123', 0, 2, '2022-08-02 06:46:08', NULL, NULL),
(334, 'reixenberger99@cnet.com', '123', 1, 2, '2022-09-06 19:36:04', '2022-11-17 08:16:18', NULL),
(335, 'ubartolacci9a@howstuffworks.com', '123', 1, 3, '2023-06-28 04:57:50', '2022-08-07 14:01:00', NULL),
(336, 'ftalboy9b@nationalgeographic.com', '123', 1, 2, '2023-05-30 21:37:59', NULL, NULL),
(337, 'hyouhill9c@tamu.edu', '123', 0, 2, '2023-03-15 19:04:59', NULL, '2023-03-15 07:43:20'),
(338, 'asybe9d@google.cn', '123', 0, 1, '2022-07-17 07:08:50', NULL, '2023-01-02 23:40:12'),
(339, 'ccockerell9e@chronoengine.com', '123', 1, 2, '2023-04-20 15:19:04', '2023-04-03 22:20:45', NULL),
(340, 'espinola9f@twitpic.com', '123', 1, 1, '2022-07-31 07:45:00', NULL, NULL),
(341, 'jvockins9g@dedecms.com', '123', 0, 1, '2023-06-23 19:56:23', '2023-03-10 20:57:40', NULL),
(342, 'jgauden9h@infoseek.co.jp', '123', 1, 3, '2023-02-27 10:16:17', NULL, NULL),
(343, 'cbolley9i@dropbox.com', '123', 0, 2, '2023-03-31 22:45:31', NULL, NULL),
(344, 'jfauning9j@upenn.edu', '123', 1, 2, '2022-11-04 01:10:33', NULL, NULL),
(345, 'fcolborn9k@ehow.com', '123', 0, 3, '2023-05-12 09:19:42', '2022-08-15 10:54:48', NULL),
(346, 'pcopp9l@blogs.com', '123', 1, 1, '2023-01-24 20:08:22', '2022-08-05 06:42:15', NULL),
(347, 'jbanyard9m@mediafire.com', '123', 1, 2, '2023-01-22 11:08:54', NULL, NULL),
(348, 'mmuck9n@jalbum.net', '123', 0, 1, '2022-11-27 01:20:36', NULL, NULL),
(349, 'slortz9o@patch.com', '123', 0, 3, '2023-06-02 18:18:07', '2022-10-31 10:28:58', NULL),
(350, 'ebatts9p@wikispaces.com', '123', 0, 3, '2022-09-20 22:54:42', NULL, NULL),
(351, 'mcast9q@scribd.com', '123', 1, 1, '2022-07-20 23:44:08', NULL, NULL),
(352, 'enieass9r@state.gov', '123', 0, 3, '2022-09-25 16:04:28', NULL, NULL),
(353, 'lhanscomb9s@cargocollective.com', '123', 1, 3, '2023-04-05 14:03:06', NULL, NULL),
(354, 'ederbyshire9t@e-recht24.de', '123', 0, 1, '2023-01-05 19:35:31', NULL, '2023-02-21 11:50:05'),
(355, 'cnickolls9u@nasa.gov', '123', 0, 2, '2023-02-28 10:54:26', NULL, NULL),
(356, 'lpasso9v@ucoz.ru', '123', 1, 1, '2022-08-14 23:01:56', NULL, NULL),
(357, 'pbradnocke9w@reference.com', '123', 1, 2, '2022-09-14 23:55:50', '2022-09-11 02:09:15', NULL),
(358, 'ggoublier9x@ed.gov', '123', 1, 1, '2022-08-31 10:06:54', NULL, NULL),
(359, 'cjamieson9y@linkedin.com', '123', 1, 3, '2023-05-06 00:43:56', NULL, NULL),
(360, 'kleach9z@theglobeandmail.com', '123', 0, 2, '2023-03-10 14:17:37', NULL, NULL),
(361, 'eaingella0@spotify.com', '123', 1, 1, '2022-07-29 22:06:54', '2022-11-15 00:23:23', NULL),
(362, 'awraxalla1@com.com', '123', 1, 3, '2023-05-19 05:49:38', NULL, NULL),
(363, 'hmucilloa2@accuweather.com', '123', 1, 3, '2022-07-30 00:18:40', '2022-09-24 17:38:36', NULL),
(364, 'adawidowicza3@etsy.com', '123', 1, 2, '2022-12-30 12:12:29', '2023-06-19 04:14:31', '2022-08-22 03:50:14'),
(365, 'lsmalea4@blogspot.com', '123', 1, 2, '2022-10-12 12:27:42', NULL, NULL),
(366, 'acheethama5@hostgator.com', '123', 1, 2, '2023-06-15 18:37:24', NULL, NULL),
(367, 'stapsona6@naver.com', '123', 0, 3, '2022-11-09 18:41:15', '2022-08-22 12:07:07', NULL),
(368, 'wslanya7@businessinsider.com', '123', 1, 3, '2023-07-03 19:35:40', '2023-01-09 13:39:40', NULL),
(369, 'jlaurischa8@symantec.com', '123', 1, 2, '2023-04-26 02:50:45', NULL, NULL),
(370, 'tesliea9@redcross.org', '123', 0, 3, '2022-08-15 18:48:58', NULL, NULL),
(371, 'dfihellyaa@bbb.org', '123', 1, 1, '2022-10-17 04:46:48', NULL, NULL),
(372, 'ojellimanab@about.com', '123', 1, 3, '2023-03-26 22:06:59', NULL, NULL),
(373, 'voverelac@google.it', '123', 1, 2, '2022-08-16 13:04:18', NULL, NULL),
(374, 'gfinchad@simplemachines.org', '123', 1, 3, '2023-06-09 11:06:24', NULL, NULL),
(375, 'dsanneyae@blinklist.com', '123', 0, 1, '2022-09-12 10:11:52', NULL, NULL),
(376, 'nsygrovesaf@google.cn', '123', 1, 1, '2022-09-17 14:06:15', NULL, NULL),
(377, 'gwilloughbyag@xrea.com', '123', 1, 3, '2023-04-05 19:23:22', '2023-01-10 01:34:36', '2022-09-07 05:38:43'),
(378, 'bhabbijamah@netvibes.com', '123', 1, 3, '2023-04-04 18:20:49', NULL, NULL),
(379, 'ehintzerai@angelfire.com', '123', 0, 1, '2023-01-05 18:37:50', NULL, NULL),
(380, 'pwhippleaj@pbs.org', '123', 0, 3, '2023-06-18 12:20:25', NULL, NULL),
(381, 'mautonak@unblog.fr', '123', 1, 2, '2023-03-26 19:09:12', NULL, NULL),
(382, 'smulroyal@xrea.com', '123', 0, 1, '2022-10-30 06:35:47', NULL, NULL),
(383, 'mwinmanam@cloudflare.com', '123', 0, 2, '2023-03-16 15:53:45', NULL, NULL),
(384, 'aameerbegan@constantcontact.com', '123', 0, 2, '2022-12-24 22:12:00', NULL, NULL),
(385, 'jmounceyao@fastcompany.com', '123', 1, 1, '2023-02-09 12:16:45', NULL, NULL),
(386, 'irobuchonap@tmall.com', '123', 0, 2, '2022-11-14 05:40:02', NULL, NULL),
(387, 'estarmeraq@washington.edu', '123', 1, 1, '2022-09-03 00:04:25', NULL, '2022-10-13 16:33:47'),
(388, 'lchevolleauar@sakura.ne.jp', '123', 0, 1, '2023-06-26 01:31:13', NULL, NULL),
(389, 'mmilsomas@aboutads.info', '123', 1, 2, '2023-04-10 03:12:42', NULL, NULL),
(390, 'awandreyat@webmd.com', '123', 1, 1, '2022-11-02 15:09:58', NULL, NULL),
(391, 'aalexsandrowiczau@jigsy.com', '123', 1, 2, '2023-01-10 03:41:49', NULL, NULL),
(392, 'dbedbroughav@zdnet.com', '123', 1, 2, '2022-12-19 00:24:42', '2023-02-17 07:59:27', NULL),
(393, 'nburyaw@comsenz.com', '123', 0, 2, '2022-08-31 17:20:21', '2022-08-08 03:53:39', NULL),
(394, 'anittiax@globo.com', '123', 1, 2, '2023-03-12 02:55:33', NULL, NULL),
(395, 'egolyay@umn.edu', '123', 1, 2, '2023-01-27 21:20:33', NULL, NULL),
(396, 'ptinklinaz@meetup.com', '123', 0, 3, '2023-02-10 17:35:48', NULL, NULL),
(397, 'ediveb0@bbc.co.uk', '123', 1, 2, '2022-10-24 22:58:56', NULL, NULL),
(398, 'mmajorb1@illinois.edu', '123', 1, 1, '2022-12-05 11:33:42', NULL, NULL),
(399, 'hpettieb2@wordpress.com', '123', 1, 1, '2022-11-04 14:42:48', NULL, NULL),
(400, 'mbeamissb3@indiegogo.com', '123', 1, 2, '2022-12-31 17:38:25', NULL, NULL),
(401, 'fgannicottb4@nasa.gov', '123', 1, 2, '2023-03-03 05:42:41', '2023-02-06 02:52:51', NULL),
(402, 'ljeremaesb5@dedecms.com', '123', 1, 3, '2023-05-02 05:20:11', '2022-10-10 23:00:03', NULL),
(403, 'npapisb6@google.fr', '123', 1, 1, '2022-12-07 15:40:45', '2023-02-01 08:18:56', NULL),
(404, 'ksabanb7@gravatar.com', '123', 0, 3, '2022-08-30 02:33:53', NULL, NULL),
(405, 'jhendricksb8@salon.com', '123', 0, 2, '2022-07-11 11:06:55', NULL, NULL),
(406, 'jwozencroftb9@europa.eu', '123', 1, 1, '2023-04-29 13:51:44', '2023-04-04 01:04:35', NULL),
(407, 'apavisba@dion.ne.jp', '123', 0, 1, '2022-12-24 15:55:47', NULL, '2022-07-05 04:42:08'),
(408, 'gvaillantbb@dmoz.org', '123', 1, 3, '2022-12-03 09:05:47', NULL, NULL),
(409, 'bgippesbc@blogspot.com', '123', 0, 3, '2022-09-11 11:52:20', NULL, NULL),
(410, 'lschonfelderbd@mapquest.com', '123', 0, 1, '2022-12-18 20:06:25', NULL, NULL),
(411, 'clyptradebe@theatlantic.com', '123', 0, 2, '2023-05-10 22:30:56', NULL, NULL),
(412, 'kscawenbf@printfriendly.com', '123', 1, 3, '2022-07-06 14:14:51', '2023-03-01 19:02:46', NULL),
(413, 'gtansillbg@goo.ne.jp', '123', 1, 2, '2022-07-19 16:46:30', NULL, NULL),
(414, 'mhintzerbh@hhs.gov', '123', 0, 1, '2022-10-26 14:23:34', '2023-06-26 12:39:31', NULL),
(415, 'cbouldebi@tumblr.com', '123', 1, 1, '2022-09-10 00:44:31', '2023-02-14 14:04:09', NULL),
(416, 'dgabbybj@mapy.cz', '123', 1, 1, '2023-01-04 00:10:41', NULL, NULL),
(417, 'ejewelbk@zimbio.com', '123', 1, 2, '2022-07-21 14:36:06', '2023-04-21 11:58:40', NULL),
(418, 'hashbeebl@studiopress.com', '123', 0, 2, '2022-08-14 14:29:22', NULL, NULL),
(419, 'aberntbm@spiegel.de', '123', 1, 3, '2023-06-02 12:31:45', '2022-12-04 12:41:35', NULL),
(420, 'efadellbn@hp.com', '123', 1, 3, '2023-06-25 16:24:24', '2022-12-28 04:25:35', NULL),
(421, 'tcolesonbo@ycombinator.com', '123', 1, 1, '2023-06-02 09:17:14', NULL, NULL),
(422, 'hhogganbp@independent.co.uk', '123', 1, 3, '2023-06-19 21:22:44', NULL, NULL),
(423, 'tgossbq@cam.ac.uk', '123', 0, 1, '2022-08-17 10:18:59', '2022-11-30 06:43:43', NULL),
(424, 'acoitbr@t.co', '123', 1, 1, '2022-11-27 04:33:15', NULL, NULL),
(425, 'bforkerbs@delicious.com', '123', 0, 1, '2022-09-11 07:56:14', NULL, NULL),
(426, 'rbotterillbt@techcrunch.com', '123', 0, 3, '2022-07-31 11:21:32', NULL, NULL),
(427, 'tgreallybu@un.org', '123', 1, 3, '2022-11-15 09:25:18', '2022-08-12 00:39:30', '2022-07-30 05:00:34'),
(428, 'lsukbhansbv@bigcartel.com', '123', 1, 1, '2023-04-20 23:27:08', NULL, NULL),
(429, 'hpringellbw@pinterest.com', '123', 1, 1, '2022-08-09 20:03:55', NULL, NULL),
(430, 'rchaveybx@psu.edu', '123', 0, 3, '2023-04-20 09:32:50', NULL, NULL),
(431, 'mderricoatby@yelp.com', '123', 1, 1, '2022-11-19 00:58:58', '2022-12-24 04:53:11', NULL),
(432, 'atynewellbz@csmonitor.com', '123', 0, 1, '2023-02-10 03:39:58', '2023-05-14 08:47:55', NULL),
(433, 'gscarmanc0@hatena.ne.jp', '123', 1, 2, '2022-09-29 15:37:44', NULL, NULL),
(434, 'bcarnegiec1@eventbrite.com', '123', 0, 1, '2023-04-28 09:19:49', NULL, NULL),
(435, 'abakesc2@wordpress.org', '123', 1, 3, '2022-10-30 12:16:37', '2022-11-26 01:18:38', NULL),
(436, 'hfumagallic3@purevolume.com', '123', 0, 3, '2023-02-18 15:20:47', '2023-01-29 04:31:20', NULL),
(437, 'aboldtc4@unesco.org', '123', 0, 1, '2023-03-26 23:05:26', '2023-05-21 10:07:30', NULL),
(438, 'ccastiglioc5@sohu.com', '123', 0, 2, '2022-11-10 00:47:13', NULL, NULL),
(439, 'aegglestonec6@cbc.ca', '123', 0, 3, '2023-06-18 08:54:08', NULL, NULL),
(440, 'croulstonc7@amazon.com', '123', 0, 2, '2022-10-18 10:07:10', '2023-06-20 06:13:55', NULL),
(441, 'rmurthwaitec8@umn.edu', '123', 1, 1, '2023-03-24 09:55:00', NULL, NULL),
(442, 'swortonc9@samsung.com', '123', 0, 3, '2022-12-24 18:30:36', NULL, NULL),
(443, 'asemradca@blogtalkradio.com', '123', 1, 3, '2023-01-26 09:40:32', NULL, NULL),
(444, 'lmackissackcb@list-manage.com', '123', 1, 3, '2023-05-21 13:57:56', '2022-09-16 14:01:08', NULL),
(445, 'boakcc@dropbox.com', '123', 0, 3, '2022-09-03 15:38:11', NULL, NULL),
(446, 'esorleycd@fda.gov', '123', 1, 2, '2023-03-20 20:18:55', NULL, NULL),
(447, 'omerlece@godaddy.com', '123', 1, 2, '2023-03-23 00:15:26', '2022-08-11 07:20:26', NULL),
(448, 'ycarlemancf@xinhuanet.com', '123', 0, 2, '2022-12-07 01:35:04', NULL, NULL),
(449, 'ijanuarycg@utexas.edu', '123', 0, 2, '2023-03-08 00:45:06', NULL, NULL),
(450, 'awaszczykch@economist.com', '123', 1, 2, '2023-03-12 15:18:39', NULL, NULL),
(451, 'jlackci@dailymotion.com', '123', 1, 1, '2022-10-15 04:43:08', '2022-10-07 15:39:26', NULL),
(452, 'lgodehardsfcj@histats.com', '123', 0, 1, '2022-11-23 22:34:44', '2022-08-08 06:25:15', NULL),
(453, 'dbonicellick@redcross.org', '123', 1, 1, '2023-04-05 02:11:30', NULL, NULL),
(454, 'mmadigancl@wp.com', '123', 0, 2, '2022-08-15 03:38:11', '2023-06-13 16:17:07', NULL),
(455, 'battwoulcm@java.com', '123', 1, 3, '2023-05-05 12:00:00', NULL, NULL),
(456, 'edurranscn@twitter.com', '123', 0, 2, '2022-08-19 02:00:33', '2023-03-18 11:10:19', NULL),
(457, 'bogdahlco@noaa.gov', '123', 0, 2, '2023-06-18 03:29:12', NULL, NULL),
(458, 'tpidwellcp@uiuc.edu', '123', 1, 3, '2023-01-25 18:59:34', '2022-12-20 00:07:28', NULL),
(459, 'dgallcq@disqus.com', '123', 1, 1, '2023-01-08 05:34:20', NULL, NULL),
(460, 'ldreinancr@cafepress.com', '123', 0, 1, '2023-01-18 09:19:49', NULL, NULL),
(461, 'ldarkercs@ovh.net', '123', 1, 3, '2022-12-02 11:02:48', '2023-06-11 13:23:58', NULL),
(462, 'afavelct@bravesites.com', '123', 0, 2, '2022-08-17 05:22:32', '2022-09-14 09:17:07', NULL),
(463, 'gepiscopiocu@seattletimes.com', '123', 1, 1, '2023-02-19 16:56:46', NULL, NULL),
(464, 'gpovercv@europa.eu', '123', 1, 1, '2023-02-13 21:25:28', NULL, NULL),
(465, 'kcarabetcw@moonfruit.com', '123', 1, 2, '2022-12-16 05:19:40', NULL, '2022-08-20 01:58:03'),
(466, 'aroddercx@discovery.com', '123', 1, 3, '2022-09-07 15:49:33', NULL, NULL),
(467, 'kdudeneycy@mlb.com', '123', 1, 2, '2023-04-15 21:25:00', NULL, NULL),
(468, 'okirklandcz@kickstarter.com', '123', 1, 2, '2023-05-21 08:17:16', '2022-10-01 22:45:03', NULL),
(469, 'kpersicked0@omniture.com', '123', 1, 3, '2023-02-23 19:00:37', '2022-11-24 03:31:06', NULL),
(470, 'pgeesond1@eventbrite.com', '123', 1, 3, '2022-08-05 04:51:35', '2022-10-04 05:57:43', NULL),
(471, 'astairmondd2@bandcamp.com', '123', 0, 3, '2022-11-02 16:10:24', NULL, NULL),
(472, 'elilburned3@weebly.com', '123', 0, 2, '2022-10-10 19:01:03', NULL, NULL),
(473, 'mbruninid4@indiegogo.com', '123', 0, 1, '2023-06-05 16:59:28', NULL, NULL),
(474, 'cstuartd5@ucoz.ru', '123', 1, 2, '2022-08-15 01:41:17', NULL, NULL),
(475, 'lfinkerd6@cbslocal.com', '123', 0, 3, '2022-10-16 12:12:53', NULL, '2022-08-29 01:13:15'),
(476, 'rzimekd7@weather.com', '123', 0, 2, '2022-12-06 20:29:27', NULL, NULL),
(477, 'khillyattd8@illinois.edu', '123', 0, 3, '2023-03-09 21:47:14', NULL, NULL),
(478, 'akernard9@state.gov', '123', 1, 1, '2023-02-08 18:44:51', '2023-03-30 11:08:06', NULL),
(479, 'salvaradoda@mapy.cz', '123', 0, 2, '2023-07-03 22:04:02', '2022-10-28 15:27:54', NULL),
(480, 'amiskdb@cbslocal.com', '123', 0, 3, '2023-06-11 07:11:24', NULL, NULL),
(481, 'treastdc@ameblo.jp', '123', 1, 1, '2023-05-04 05:20:05', '2022-08-31 13:55:31', NULL),
(482, 'csimpkindd@com.com', '123', 1, 2, '2023-06-06 07:31:51', '2022-12-04 08:47:51', NULL),
(483, 'abengallde@topsy.com', '123', 0, 3, '2022-07-20 18:21:02', NULL, NULL),
(484, 'kbreckindf@mapquest.com', '123', 1, 2, '2022-09-20 15:09:24', NULL, NULL),
(485, 'ssterndg@de.vu', '123', 0, 3, '2023-06-22 14:46:50', '2023-06-01 04:00:18', NULL),
(486, 'charnessdh@slideshare.net', '123', 1, 1, '2023-01-08 11:19:06', NULL, NULL),
(487, 'labbottdi@creativecommons.org', '123', 0, 3, '2023-01-08 08:58:42', NULL, NULL),
(488, 'aandriessendj@acquirethisname.com', '123', 0, 2, '2022-12-08 12:01:22', NULL, NULL),
(489, 'dcordreydk@ehow.com', '123', 1, 2, '2022-12-02 16:55:27', NULL, NULL),
(490, 'odoyledl@dion.ne.jp', '123', 1, 3, '2023-02-18 01:27:58', NULL, NULL),
(491, 'cjenouredm@typepad.com', '123', 0, 1, '2023-06-28 03:52:28', '2022-12-07 13:38:54', NULL),
(492, 'mbingalldn@thetimes.co.uk', '123', 1, 3, '2023-05-20 19:42:24', NULL, NULL),
(493, 'rhobdendo@networkadvertising.org', '123', 1, 1, '2023-02-27 07:27:48', NULL, NULL),
(494, 'averchambredp@phpbb.com', '123', 1, 1, '2023-04-13 15:40:07', '2023-06-18 09:11:18', NULL),
(495, 'bstennerdq@ebay.co.uk', '123', 1, 2, '2022-08-28 01:13:33', NULL, '2023-05-17 10:14:48'),
(496, 'ritzhaiekdr@taobao.com', '123', 0, 2, '2022-09-20 04:20:59', NULL, NULL),
(497, 'cwhyborneds@toplist.cz', '123', 1, 3, '2022-07-15 19:12:36', NULL, NULL),
(498, 'vsafhilldt@amazon.co.jp', '123', 0, 3, '2023-06-06 19:56:47', NULL, NULL),
(499, 'cwanndu@tamu.edu', '123', 0, 3, '2022-08-05 21:52:44', NULL, NULL),
(500, 'awipflerdv@epa.gov', '123', 0, 1, '2022-12-22 17:15:54', '2023-02-09 07:45:40', NULL),
(501, 'dmanueldw@statcounter.com', '123', 0, 3, '2022-12-28 10:35:23', '2023-04-15 07:51:25', NULL),
(502, 'rskainsdx@webeden.co.uk', '123', 0, 3, '2023-01-28 02:08:28', NULL, NULL),
(503, 'gdougarydy@cargocollective.com', '123', 1, 1, '2023-02-11 22:22:13', NULL, NULL),
(504, 'garydz@hubpages.com', '123', 1, 2, '2022-08-15 07:35:08', '2022-12-07 12:38:39', NULL),
(505, 'tspittlese0@purevolume.com', '123', 1, 1, '2023-05-19 21:49:35', NULL, NULL),
(506, 'cfinchame1@senate.gov', '123', 1, 2, '2022-10-04 20:27:23', '2022-11-10 02:07:24', NULL),
(507, 'unanglee2@vkontakte.ru', '123', 1, 3, '2022-07-30 18:46:50', '2023-05-17 07:09:21', NULL),
(508, 'eraymene3@exblog.jp', '123', 1, 2, '2022-08-26 01:55:16', NULL, '2023-03-21 23:35:38'),
(509, 'klookere4@netlog.com', '123', 0, 1, '2023-04-22 09:40:25', NULL, NULL),
(510, 'eoakwoode5@springer.com', '123', 0, 2, '2022-11-07 12:18:23', '2022-12-27 07:35:40', NULL),
(511, 'sspellworthe6@clickbank.net', '123', 1, 1, '2023-03-02 14:02:09', '2022-09-19 15:07:55', NULL),
(512, 'wdenisoe7@stanford.edu', '123', 0, 1, '2023-04-12 09:53:55', NULL, NULL),
(513, 'jcardise8@addtoany.com', '123', 0, 2, '2022-12-08 18:11:18', NULL, '2023-05-30 03:23:13'),
(514, 'aspraggone9@liveinternet.ru', '123', 0, 3, '2022-08-26 23:48:14', NULL, NULL),
(515, 'wmudieea@tinyurl.com', '123', 1, 1, '2022-10-26 17:23:21', NULL, NULL),
(516, 'jhedaneb@networksolutions.com', '123', 1, 3, '2022-10-10 04:33:05', NULL, NULL),
(517, 'mmadginec@symantec.com', '123', 1, 2, '2023-04-24 15:37:00', NULL, NULL),
(518, 'bbosomworthed@uol.com.br', '123', 1, 1, '2023-06-06 01:12:25', NULL, NULL),
(519, 'sphilipeauee@sciencedirect.com', '123', 0, 2, '2023-04-29 18:28:24', NULL, NULL),
(520, 'stheakeref@ning.com', '123', 0, 3, '2022-09-20 19:51:08', NULL, NULL),
(521, 'pgirodiaseg@boston.com', '123', 1, 1, '2022-08-23 15:24:45', '2022-09-18 22:48:25', NULL),
(522, 'cmudgeeh@virginia.edu', '123', 1, 1, '2022-07-22 17:31:53', NULL, NULL),
(523, 'cjoryei@about.com', '123', 0, 3, '2022-11-22 02:45:46', NULL, NULL),
(524, 'hgrimbleej@java.com', '123', 0, 1, '2023-06-09 20:37:07', '2022-12-04 17:32:19', NULL),
(525, 'hhattamek@virginia.edu', '123', 0, 2, '2022-07-05 22:23:13', NULL, NULL),
(526, 'dhuniwallel@reddit.com', '123', 1, 2, '2022-11-03 04:25:56', NULL, NULL),
(527, 'cgarfirthem@businesswire.com', '123', 1, 1, '2023-05-21 10:15:11', '2023-02-19 10:08:31', NULL),
(528, 'dwasselinen@shinystat.com', '123', 1, 2, '2023-04-28 17:23:14', NULL, NULL),
(529, 'dgunnyeo@bbc.co.uk', '123', 1, 2, '2022-07-30 16:20:30', NULL, NULL),
(530, 'fchismonep@phpbb.com', '123', 0, 2, '2022-10-04 13:11:37', NULL, NULL),
(531, 'kdriussieq@weebly.com', '123', 1, 3, '2023-01-14 15:40:36', NULL, NULL),
(532, 'msoggeeer@cdc.gov', '123', 0, 1, '2022-11-20 05:09:49', '2023-04-16 08:40:32', NULL),
(533, 'tbattiees@netlog.com', '123', 0, 1, '2023-01-23 23:06:15', NULL, NULL),
(534, 'idelionet@hatena.ne.jp', '123', 1, 1, '2023-06-06 22:11:32', '2022-07-22 17:46:30', NULL),
(535, 'smoaneu@mashable.com', '123', 1, 3, '2023-02-16 00:14:33', NULL, NULL),
(536, 'gbowtonev@earthlink.net', '123', 1, 2, '2022-07-19 02:39:31', NULL, NULL),
(537, 'lmarkovichew@fema.gov', '123', 0, 3, '2022-07-08 13:33:17', NULL, NULL),
(538, 'kbalshawex@hatena.ne.jp', '123', 1, 2, '2022-12-31 01:45:38', NULL, NULL),
(539, 'cmccaghaney@va.gov', '123', 1, 3, '2022-07-21 07:32:15', '2023-03-31 13:57:03', NULL),
(540, 'vrockwellez@about.me', '123', 1, 1, '2023-03-15 03:29:41', NULL, NULL),
(541, 'rfechnief0@edublogs.org', '123', 1, 3, '2022-12-18 20:33:44', NULL, NULL),
(542, 'btudbaldf1@quantcast.com', '123', 0, 1, '2022-10-01 00:58:00', NULL, NULL),
(543, 'cferreyf2@meetup.com', '123', 0, 2, '2023-03-13 21:30:42', NULL, NULL),
(544, 'lmccoidf3@histats.com', '123', 1, 1, '2022-08-25 17:24:32', NULL, NULL),
(545, 'edempsterf4@flickr.com', '123', 0, 3, '2023-01-05 21:55:52', NULL, NULL),
(546, 'cconeleyf5@alexa.com', '123', 1, 2, '2022-10-08 03:16:04', '2023-02-08 11:56:10', NULL),
(547, 'dduddellf6@bandcamp.com', '123', 0, 1, '2023-06-14 03:05:03', '2022-09-01 11:03:34', NULL),
(548, 'keldredf7@examiner.com', '123', 0, 2, '2022-10-22 06:19:08', NULL, NULL),
(549, 'awimbushf8@reuters.com', '123', 1, 1, '2022-10-16 03:46:15', NULL, NULL),
(550, 'jaloshikinf9@odnoklassniki.ru', '123', 1, 1, '2022-10-26 13:12:02', '2023-01-23 03:09:14', NULL),
(551, 'cshiellfa@hud.gov', '123', 1, 1, '2022-07-19 12:31:53', '2022-10-08 10:55:07', NULL),
(552, 'mmimmackfb@mac.com', '123', 0, 3, '2023-04-24 19:12:36', NULL, NULL),
(553, 'nhoonahanfc@lycos.com', '123', 0, 3, '2023-02-08 08:31:44', NULL, NULL),
(554, 'fhillingfd@buzzfeed.com', '123', 1, 3, '2023-04-18 23:37:50', '2022-07-11 10:42:43', NULL),
(555, 'nphayrefe@netvibes.com', '123', 1, 3, '2023-06-28 08:06:01', NULL, NULL),
(556, 'lseebertff@narod.ru', '123', 0, 1, '2022-07-22 07:30:00', NULL, NULL),
(557, 'vglewefg@constantcontact.com', '123', 1, 1, '2022-07-29 20:16:54', NULL, NULL),
(558, 'dsaggfh@furl.net', '123', 1, 3, '2023-04-21 12:53:51', NULL, NULL),
(559, 'rmoringfi@sfgate.com', '123', 1, 2, '2023-02-12 18:57:33', NULL, NULL),
(560, 'scauserfj@yellowbook.com', '123', 0, 2, '2022-11-20 03:49:30', NULL, NULL),
(561, 'vmurleyfk@addthis.com', '123', 1, 2, '2022-11-16 17:48:02', NULL, NULL),
(562, 'delphinstonefl@hugedomains.com', '123', 1, 1, '2023-04-19 04:09:01', NULL, NULL),
(563, 'vbowrafm@pbs.org', '123', 0, 3, '2022-08-28 10:52:04', NULL, NULL),
(564, 'kfahyfn@baidu.com', '123', 1, 1, '2022-10-15 01:00:36', NULL, NULL),
(565, 'gbroodfo@drupal.org', '123', 0, 2, '2022-08-21 08:40:01', NULL, NULL),
(566, 'bmcneishfp@dyndns.org', '123', 0, 2, '2022-07-27 01:05:36', NULL, NULL),
(567, 'srobioufq@sourceforge.net', '123', 0, 1, '2023-03-22 21:14:58', NULL, NULL),
(568, 'lbrillemanfr@behance.net', '123', 0, 2, '2023-03-29 05:21:18', NULL, NULL),
(569, 'twhitecrossfs@joomla.org', '123', 1, 2, '2022-08-04 22:56:04', NULL, NULL),
(570, 'rpitkaithlyft@studiopress.com', '123', 1, 2, '2022-09-15 14:02:32', NULL, NULL),
(571, 'dgarralsfu@cmu.edu', '123', 1, 1, '2023-05-24 02:22:28', NULL, NULL),
(572, 'nmatthewfv@businesswire.com', '123', 0, 3, '2023-01-21 06:57:54', '2023-06-24 21:18:23', NULL),
(573, 'eczajafw@japanpost.jp', '123', 1, 1, '2023-02-01 09:25:31', '2022-12-20 23:03:48', NULL),
(574, 'rcouserfx@comcast.net', '123', 0, 1, '2023-03-11 23:58:37', NULL, NULL),
(575, 'kmowdayfy@cyberchimps.com', '123', 1, 3, '2023-06-05 22:48:43', '2023-05-29 03:31:32', NULL),
(576, 'chubberfz@phoca.cz', '123', 0, 1, '2023-03-01 05:46:27', NULL, NULL),
(577, 'bgroombridgeg0@dell.com', '123', 0, 2, '2022-09-03 07:00:27', NULL, NULL),
(578, 'dwinfindineg1@rediff.com', '123', 0, 1, '2023-01-13 12:17:35', NULL, NULL),
(579, 'telliotg2@admin.ch', '123', 0, 2, '2022-07-13 13:45:53', NULL, NULL),
(580, 'jhadyeg3@statcounter.com', '123', 1, 3, '2022-10-16 12:19:41', NULL, NULL),
(581, 'tiacovinig4@noaa.gov', '123', 1, 3, '2022-08-09 18:34:45', NULL, NULL),
(582, 'ruttridgeg5@freewebs.com', '123', 1, 3, '2023-03-03 02:57:11', NULL, NULL),
(583, 'mnavarog6@pagesperso-orange.fr', '123', 0, 2, '2022-08-24 15:32:23', NULL, NULL),
(584, 'cmeatesg7@google.de', '123', 1, 3, '2022-11-08 18:47:26', '2022-08-19 02:24:03', NULL),
(585, 'walbrookeg8@weather.com', '123', 0, 3, '2022-07-25 09:54:01', '2022-09-17 02:05:05', NULL),
(586, 'csearbyg9@bandcamp.com', '123', 1, 2, '2023-05-24 07:52:55', '2023-04-03 10:27:35', NULL),
(587, 'lpolakga@examiner.com', '123', 0, 3, '2022-10-11 10:50:50', NULL, NULL),
(588, 'cjaskiewiczgb@loc.gov', '123', 0, 3, '2022-08-24 11:28:41', '2022-08-03 14:16:25', NULL),
(589, 'wsmailgc@jugem.jp', '123', 0, 3, '2022-09-19 15:10:15', NULL, NULL);
INSERT INTO `utilisateur` (`id`, `email`, `password`, `newsletter`, `categorie_id`, `created_at`, `updated_at`, `deleted_at`) VALUES
(590, 'rburwoodgd@weebly.com', '123', 1, 3, '2022-12-15 11:23:42', NULL, NULL),
(591, 'bcasettige@liveinternet.ru', '123', 1, 2, '2022-07-14 11:59:31', NULL, NULL),
(592, 'lgowrygf@google.nl', '123', 0, 1, '2022-08-15 23:20:34', NULL, NULL),
(593, 'tnialsgg@seesaa.net', '123', 0, 1, '2022-10-08 20:58:33', '2023-03-15 05:59:38', NULL),
(594, 'egierokgh@shop-pro.jp', '123', 0, 1, '2022-07-25 01:27:27', '2023-03-02 19:14:26', NULL),
(595, 'mfairbeardgi@trellian.com', '123', 1, 1, '2022-07-09 03:38:40', NULL, NULL),
(596, 'hgoodinggj@oaic.gov.au', '123', 1, 3, '2023-06-08 13:00:30', '2023-01-06 03:15:11', NULL),
(597, 'lglanestergk@w3.org', '123', 1, 3, '2023-01-05 12:41:52', NULL, NULL),
(598, 'wtripetgl@goo.gl', '123', 0, 3, '2023-02-11 21:49:11', NULL, NULL),
(599, 'rkohringgm@seesaa.net', '123', 0, 2, '2022-09-13 16:20:24', NULL, NULL),
(600, 'sbarhamgn@weibo.com', '123', 0, 2, '2023-06-04 23:51:22', '2022-09-02 15:39:08', NULL),
(601, 'lhaslochgo@ebay.co.uk', '123', 1, 1, '2023-03-16 12:51:43', NULL, NULL),
(602, 'ogilpingp@sakura.ne.jp', '123', 0, 1, '2023-06-13 06:49:46', '2023-04-06 09:39:33', NULL),
(603, 'mstylesgq@google.co.jp', '123', 0, 3, '2022-11-13 08:46:47', '2022-08-06 22:15:22', NULL),
(604, 'tchurchmangr@toplist.cz', '123', 1, 3, '2022-11-19 18:27:00', NULL, NULL),
(605, 'rsaizgs@free.fr', '123', 1, 3, '2023-01-01 23:00:15', NULL, NULL),
(606, 'fsibarygt@geocities.com', '123', 0, 3, '2022-12-05 07:46:10', NULL, NULL),
(607, 'rnewarkgu@salon.com', '123', 1, 3, '2023-03-26 23:44:58', NULL, NULL),
(608, 'kjeansgv@soundcloud.com', '123', 1, 2, '2022-12-25 01:03:18', NULL, NULL),
(609, 'ccalverleygw@cisco.com', '123', 1, 2, '2023-05-14 15:44:33', NULL, NULL),
(610, 'lahlingx@webeden.co.uk', '123', 1, 2, '2022-11-03 14:00:28', '2022-10-24 09:22:20', NULL),
(611, 'ghellcatgy@phoca.cz', '123', 1, 3, '2023-06-27 00:25:14', NULL, NULL),
(612, 'mreecegz@accuweather.com', '123', 0, 3, '2023-05-14 03:51:54', NULL, NULL),
(613, 'jhoferh0@simplemachines.org', '123', 0, 1, '2023-04-29 16:29:55', NULL, NULL),
(614, 'amurphyh1@umich.edu', '123', 1, 2, '2022-10-22 15:11:20', '2022-11-21 09:44:38', NULL),
(615, 'npietruszkah2@slate.com', '123', 0, 1, '2022-10-05 04:24:35', '2022-11-04 10:12:00', NULL),
(616, 'ravraamh3@ed.gov', '123', 0, 3, '2022-08-02 17:41:53', NULL, '2022-09-13 03:08:48'),
(617, 'idarlingh4@example.com', '123', 1, 3, '2022-12-18 10:11:23', NULL, NULL),
(618, 'sohalleghaneh5@taobao.com', '123', 0, 3, '2023-02-22 02:46:49', NULL, NULL),
(619, 'mwilflingerh6@wikispaces.com', '123', 0, 1, '2023-02-05 03:58:07', NULL, NULL),
(620, 'gfosbraeyh7@sourceforge.net', '123', 1, 2, '2023-03-25 00:32:41', NULL, NULL),
(621, 'ltripetth8@columbia.edu', '123', 1, 3, '2023-04-16 02:53:58', NULL, NULL),
(622, 'dadamovitzh9@whitehouse.gov', '123', 1, 1, '2023-03-12 07:13:43', '2022-08-07 23:36:08', NULL),
(623, 'emanthorpeha@gov.uk', '123', 0, 1, '2022-11-05 02:24:28', '2023-03-04 14:49:47', NULL),
(624, 'vchethamhb@adobe.com', '123', 0, 2, '2023-04-25 02:03:47', '2022-09-07 07:44:00', NULL),
(625, 'llehrerhc@ucoz.com', '123', 1, 1, '2023-02-08 01:21:19', '2022-08-05 19:30:16', NULL),
(626, 'polneyhd@topsy.com', '123', 1, 1, '2023-01-22 00:51:49', NULL, NULL),
(627, 'sduckerinhe@odnoklassniki.ru', '123', 0, 1, '2022-10-30 10:02:50', NULL, NULL),
(628, 'rdaalhf@free.fr', '123', 0, 3, '2022-07-27 06:16:35', '2022-09-27 08:55:43', NULL),
(629, 'ksabbinshg@ocn.ne.jp', '123', 0, 1, '2022-10-24 20:41:57', NULL, NULL),
(630, 'disworthhh@newsvine.com', '123', 1, 3, '2022-12-21 20:48:58', '2023-01-06 06:18:08', NULL),
(631, 'banneyhi@washington.edu', '123', 0, 2, '2022-11-11 22:45:07', NULL, NULL),
(632, 'nkileyhj@yahoo.com', '123', 1, 2, '2023-06-27 21:23:15', NULL, NULL),
(633, 'dskerretthk@netlog.com', '123', 0, 3, '2023-04-27 00:05:01', '2023-01-07 10:45:58', NULL),
(634, 'cpyrtonhl@macromedia.com', '123', 1, 2, '2022-08-24 05:27:51', NULL, NULL),
(635, 'ddinsalehm@toplist.cz', '123', 0, 3, '2023-06-07 22:37:14', NULL, NULL),
(636, 'ftimnyhn@ycombinator.com', '123', 0, 1, '2023-05-29 04:40:26', NULL, NULL),
(637, 'nlammieho@noaa.gov', '123', 0, 2, '2023-06-18 07:17:40', NULL, NULL),
(638, 'gjanczykhp@usnews.com', '123', 0, 1, '2022-08-10 13:24:39', NULL, NULL),
(639, 'ewychhq@indiatimes.com', '123', 1, 1, '2022-07-21 19:52:37', NULL, NULL),
(640, 'sprettihr@jugem.jp', '123', 0, 1, '2022-07-13 01:53:40', NULL, NULL),
(641, 'ballebonehs@umn.edu', '123', 1, 2, '2023-06-16 16:18:08', NULL, NULL),
(642, 'bmannockht@wufoo.com', '123', 1, 3, '2022-12-09 15:29:38', NULL, NULL),
(643, 'kputlandhu@i2i.jp', '123', 1, 1, '2023-04-22 05:13:51', NULL, NULL),
(644, 'kwoodgatehv@meetup.com', '123', 1, 3, '2022-08-12 16:56:20', NULL, NULL),
(645, 'bormerodhw@jigsy.com', '123', 0, 3, '2022-08-13 09:36:45', NULL, NULL),
(646, 'aronaldsonhx@gnu.org', '123', 0, 2, '2022-10-17 01:54:36', NULL, NULL),
(647, 'wtruemanhy@pagesperso-orange.fr', '123', 0, 2, '2023-06-15 08:46:46', '2022-09-06 01:46:31', NULL),
(648, 'dtodarellohz@g.co', '123', 0, 3, '2023-01-27 20:52:25', NULL, NULL),
(649, 'fmcguirei0@shinystat.com', '123', 0, 1, '2023-05-09 01:16:20', NULL, NULL),
(650, 'hcristoferii1@state.gov', '123', 0, 1, '2023-01-30 12:02:52', NULL, NULL),
(651, 'blidsteri2@buzzfeed.com', '123', 1, 1, '2023-01-02 21:58:10', NULL, NULL),
(652, 'rbrigginshawi3@google.co.jp', '123', 0, 1, '2022-08-30 08:38:12', '2023-07-04 18:30:36', '2023-03-05 00:34:31'),
(653, 'gfolkerdi4@indiegogo.com', '123', 0, 2, '2023-04-18 00:50:59', NULL, NULL),
(654, 'atwiggeri5@npr.org', '123', 1, 2, '2022-07-24 14:12:06', NULL, NULL),
(655, 'crawlei6@slashdot.org', '123', 1, 3, '2023-04-19 14:48:12', NULL, NULL),
(656, 'jleeli7@dyndns.org', '123', 1, 3, '2023-06-29 14:30:17', NULL, NULL),
(657, 'emccarricki8@networkadvertising.org', '123', 0, 3, '2023-01-29 09:46:40', '2023-01-19 18:03:45', NULL),
(658, 'sbeltoni9@imgur.com', '123', 0, 3, '2023-05-09 09:30:19', '2022-08-17 12:54:50', NULL),
(659, 'fchatenieria@amazonaws.com', '123', 1, 1, '2022-10-05 07:53:36', '2022-07-11 16:11:10', NULL),
(660, 'jbecksib@who.int', '123', 1, 2, '2023-02-03 20:18:00', NULL, NULL),
(661, 'ldowgillic@over-blog.com', '123', 1, 3, '2022-09-09 18:41:02', NULL, NULL),
(662, 'cfullagerid@4shared.com', '123', 1, 2, '2022-08-04 19:16:12', '2022-07-27 01:31:48', NULL),
(663, 'fraoulie@miitbeian.gov.cn', '123', 0, 1, '2023-02-04 13:52:54', '2022-10-10 14:23:38', NULL),
(664, 'habrashkinif@pbs.org', '123', 0, 2, '2023-02-02 03:01:40', NULL, NULL),
(665, 'pskadeig@whitehouse.gov', '123', 1, 2, '2023-04-15 06:02:03', NULL, NULL),
(666, 'hocahsedyih@blogspot.com', '123', 1, 1, '2023-02-20 18:24:30', NULL, NULL),
(667, 'nthickingii@posterous.com', '123', 1, 1, '2022-07-11 13:39:43', '2022-08-28 07:49:05', NULL),
(668, 'uthonasonij@hexun.com', '123', 1, 1, '2023-05-17 10:56:46', NULL, NULL),
(669, 'afolkesik@europa.eu', '123', 1, 3, '2023-04-12 05:04:56', '2023-06-10 22:03:57', NULL),
(670, 'hdanielloil@hp.com', '123', 1, 1, '2022-10-22 17:16:27', NULL, NULL),
(671, 'hniccolsim@salon.com', '123', 1, 3, '2022-11-25 07:05:31', NULL, NULL),
(672, 'bbengtssonin@illinois.edu', '123', 0, 3, '2023-05-24 23:34:48', NULL, NULL),
(673, 'gziemsio@mlb.com', '123', 1, 3, '2023-05-05 11:37:22', NULL, NULL),
(674, 'tstoppardip@macromedia.com', '123', 0, 1, '2022-11-20 01:59:04', NULL, NULL),
(675, 'sscholteiq@phpbb.com', '123', 1, 1, '2022-11-23 16:24:32', '2023-03-21 16:17:29', NULL),
(676, 'rhollebonir@telegraph.co.uk', '123', 1, 1, '2022-11-05 23:44:36', NULL, NULL),
(677, 'nivashnyovis@pcworld.com', '123', 0, 2, '2022-08-23 10:37:21', '2023-06-30 15:40:58', NULL),
(678, 'jpulferit@altervista.org', '123', 1, 2, '2023-01-23 00:20:09', '2022-08-01 13:09:17', NULL),
(679, 'ateeiu@irs.gov', '123', 0, 2, '2023-04-28 09:44:47', NULL, NULL),
(680, 'nburnhilliv@dyndns.org', '123', 1, 3, '2023-02-28 17:15:46', NULL, NULL),
(681, 'vchaikovskiiw@wsj.com', '123', 1, 3, '2022-10-11 08:25:13', NULL, NULL),
(682, 'zmatousix@cbslocal.com', '123', 0, 3, '2023-04-28 22:09:52', NULL, NULL),
(683, 'djizhakiiy@geocities.jp', '123', 1, 3, '2023-06-02 14:39:29', NULL, NULL),
(684, 'kfantiz@github.com', '123', 1, 1, '2022-07-17 17:25:46', NULL, NULL),
(685, 'roliverasj0@tripadvisor.com', '123', 0, 2, '2023-05-13 00:38:16', NULL, NULL),
(686, 'omcdougalj1@vinaora.com', '123', 0, 2, '2022-12-17 07:19:32', NULL, '2022-11-11 17:14:04'),
(687, 'hsevillej2@kickstarter.com', '123', 1, 2, '2022-11-25 08:11:48', NULL, NULL),
(688, 'pmarinj3@toplist.cz', '123', 0, 1, '2022-09-23 11:14:47', NULL, '2022-08-29 03:51:09'),
(689, 'dbernuccij4@facebook.com', '123', 1, 3, '2022-09-21 06:49:59', NULL, NULL),
(690, 'rlauksj5@clickbank.net', '123', 1, 1, '2022-12-24 09:54:43', NULL, NULL),
(691, 'showsj6@bloglovin.com', '123', 0, 2, '2022-07-05 00:10:37', NULL, NULL),
(692, 'fblackburnej7@jimdo.com', '123', 1, 1, '2023-05-30 01:28:41', NULL, NULL),
(693, 'cfentyj8@ed.gov', '123', 1, 3, '2022-09-29 06:38:31', '2022-11-04 10:34:47', NULL),
(694, 'jbonwickj9@fema.gov', '123', 0, 2, '2022-11-29 15:17:30', NULL, NULL),
(695, 'bmartinhoja@cmu.edu', '123', 1, 3, '2022-10-05 17:25:53', NULL, NULL),
(696, 'hclohissyjb@buzzfeed.com', '123', 1, 1, '2022-08-28 05:30:58', '2022-11-05 19:38:44', NULL),
(697, 'cprierjc@cocolog-nifty.com', '123', 1, 2, '2022-12-09 18:22:41', NULL, NULL),
(698, 'fsouthcottjd@a8.net', '123', 1, 1, '2023-01-30 16:03:36', NULL, NULL),
(699, 'dmiddlemistje@oaic.gov.au', '123', 1, 1, '2023-06-13 13:09:37', NULL, NULL),
(700, 'rmcquaidejf@sitemeter.com', '123', 0, 3, '2023-04-29 14:05:14', '2022-09-01 06:44:49', NULL),
(701, 'tgrittonjg@altervista.org', '123', 1, 1, '2023-06-30 22:36:08', '2023-05-13 20:58:40', NULL),
(702, 'gwedlakejh@printfriendly.com', '123', 0, 2, '2023-01-30 19:23:43', NULL, NULL),
(703, 'ecrumbyji@comsenz.com', '123', 0, 1, '2022-11-06 22:57:58', NULL, NULL),
(704, 'bamottjj@microsoft.com', '123', 0, 2, '2023-03-03 04:46:07', NULL, NULL),
(705, 'rgradleyjk@gov.uk', '123', 0, 2, '2023-04-14 12:39:58', '2023-06-16 21:18:27', NULL),
(706, 'hdonisojl@blogger.com', '123', 1, 2, '2023-01-07 13:31:53', NULL, NULL),
(707, 'lscranneyjm@hugedomains.com', '123', 1, 1, '2022-12-25 09:58:49', NULL, NULL),
(708, 'bshubothamjn@va.gov', '123', 0, 2, '2023-01-12 16:31:03', '2022-08-30 05:32:38', NULL),
(709, 'mfeakinsjo@bandcamp.com', '123', 0, 1, '2023-02-10 12:57:12', NULL, NULL),
(710, 'sullyattjp@plala.or.jp', '123', 1, 3, '2022-11-17 23:54:52', NULL, NULL),
(711, 'nkayzerjq@gravatar.com', '123', 0, 2, '2022-12-29 01:57:05', '2023-02-26 18:00:47', NULL),
(712, 'jcurneenjr@disqus.com', '123', 0, 1, '2023-05-15 07:20:07', NULL, '2022-11-22 16:13:03'),
(713, 'mjagglijs@wired.com', '123', 1, 3, '2022-12-23 13:45:33', '2022-10-09 22:56:26', NULL),
(714, 'gvandrieljt@example.com', '123', 0, 1, '2023-01-19 15:00:21', NULL, NULL),
(715, 'bsimonju@marketwatch.com', '123', 0, 1, '2022-09-22 16:47:20', '2022-08-30 20:10:03', NULL),
(716, 'emynottjv@independent.co.uk', '123', 0, 1, '2023-02-02 17:34:15', NULL, NULL),
(717, 'mcockhilljw@dropbox.com', '123', 1, 3, '2023-04-27 21:26:14', '2022-09-20 04:20:00', NULL),
(718, 'cboichjx@bing.com', '123', 0, 1, '2022-12-25 01:50:22', NULL, NULL),
(719, 'tlittlefairjy@mashable.com', '123', 1, 2, '2022-12-07 08:00:14', NULL, NULL),
(720, 'ihambricjz@biblegateway.com', '123', 0, 2, '2023-03-15 21:36:14', NULL, NULL),
(721, 'ichatwoodk0@google.com.au', '123', 1, 2, '2023-01-25 02:56:40', NULL, NULL),
(722, 'fgerglerk1@domainmarket.com', '123', 1, 2, '2023-04-16 11:35:21', NULL, NULL),
(723, 'ncoleshillk2@mtv.com', '123', 1, 2, '2023-02-21 11:14:51', '2023-05-02 01:32:27', NULL),
(724, 'liannazzik3@ovh.net', '123', 1, 2, '2023-05-31 09:50:17', NULL, NULL),
(725, 'swilliamsonk4@ucoz.ru', '123', 0, 2, '2023-01-14 02:48:10', NULL, NULL),
(726, 'cdevenniek5@youku.com', '123', 1, 1, '2023-01-29 19:09:08', '2022-11-16 23:56:11', NULL),
(727, 'sbowtonk6@joomla.org', '123', 0, 1, '2022-10-09 12:05:18', '2023-03-03 17:41:41', NULL),
(728, 'stattertonk7@friendfeed.com', '123', 0, 3, '2022-08-01 18:28:57', NULL, NULL),
(729, 'gduckwithk8@comsenz.com', '123', 1, 3, '2023-05-25 13:26:21', NULL, NULL),
(730, 'gockwellk9@cpanel.net', '123', 1, 1, '2023-03-16 14:34:49', NULL, NULL),
(731, 'ksalvidgeka@timesonline.co.uk', '123', 0, 1, '2022-07-08 03:03:46', '2022-07-18 07:37:25', NULL),
(732, 'rroelofsenkb@1und1.de', '123', 0, 1, '2022-11-08 19:05:49', NULL, NULL),
(733, 'kharriskc@infoseek.co.jp', '123', 1, 3, '2022-07-11 10:55:43', NULL, NULL),
(734, 'fdelgardokd@dot.gov', '123', 1, 2, '2022-10-20 10:13:42', NULL, NULL),
(735, 'mofairyke@a8.net', '123', 0, 2, '2023-03-11 22:24:16', NULL, NULL),
(736, 'jgerardkf@constantcontact.com', '123', 0, 2, '2022-12-23 02:22:08', '2022-07-16 18:11:39', NULL),
(737, 'tlaidlerkg@wired.com', '123', 0, 1, '2022-08-11 17:17:23', NULL, NULL),
(738, 'msawkinkh@ustream.tv', '123', 0, 2, '2023-01-01 05:37:17', NULL, NULL),
(739, 'rlattyki@ftc.gov', '123', 0, 3, '2022-10-11 12:49:37', NULL, NULL),
(740, 'zshawkj@nature.com', '123', 1, 1, '2022-09-28 23:08:37', '2022-09-12 14:57:50', NULL),
(741, 'wpoveykk@ask.com', '123', 1, 3, '2022-11-26 18:37:59', NULL, NULL),
(742, 'hmarchmentkl@mac.com', '123', 1, 1, '2022-11-24 16:24:12', NULL, NULL),
(743, 'sholahkm@techcrunch.com', '123', 1, 3, '2023-04-30 00:19:48', NULL, NULL),
(744, 'wlewcockkn@usda.gov', '123', 1, 2, '2022-09-03 01:56:22', NULL, '2022-12-12 00:43:06'),
(745, 'hboarderko@edublogs.org', '123', 0, 1, '2023-02-01 05:45:49', NULL, NULL),
(746, 'wsymcockkp@theglobeandmail.com', '123', 1, 1, '2023-01-12 04:59:38', NULL, NULL),
(747, 'ktrevearkq@ustream.tv', '123', 1, 2, '2023-03-22 13:51:36', NULL, NULL),
(748, 'oslidderskr@sakura.ne.jp', '123', 1, 3, '2022-10-08 17:33:59', NULL, NULL),
(749, 'nilyuchyovks@comcast.net', '123', 1, 2, '2022-07-07 13:31:32', NULL, NULL),
(750, 'ahutcheonskt@gnu.org', '123', 1, 3, '2022-11-03 18:26:14', NULL, NULL),
(751, 'hschollku@foxnews.com', '123', 0, 3, '2023-02-08 16:40:28', NULL, NULL),
(752, 'atulliskv@ebay.com', '123', 0, 2, '2023-04-26 19:23:09', '2023-06-19 10:10:30', NULL),
(753, 'rgodlykw@histats.com', '123', 1, 2, '2023-06-01 07:10:38', NULL, NULL),
(754, 'hcracoekx@geocities.jp', '123', 1, 2, '2023-06-29 02:13:33', NULL, NULL),
(755, 'fquarlesky@gov.uk', '123', 1, 3, '2022-11-01 04:03:41', '2023-04-18 03:27:37', NULL),
(756, 'bkunklerkz@digg.com', '123', 0, 1, '2023-02-11 07:33:22', NULL, NULL),
(757, 'bavramovichl0@webmd.com', '123', 0, 1, '2023-05-25 20:49:33', NULL, NULL),
(758, 'melwoodl1@bbc.co.uk', '123', 0, 2, '2023-02-27 15:36:53', '2023-01-04 00:50:40', NULL),
(759, 'sambagel2@hao123.com', '123', 1, 3, '2022-10-07 12:01:24', NULL, NULL),
(760, 'awhyattl3@buzzfeed.com', '123', 1, 1, '2023-01-17 21:35:02', NULL, NULL),
(761, 'gfryl4@washington.edu', '123', 1, 2, '2023-06-14 04:30:42', NULL, NULL),
(762, 'jcornwelll5@goo.ne.jp', '123', 1, 1, '2023-06-07 15:50:57', NULL, '2022-07-20 08:32:36'),
(763, 'schavezl6@nature.com', '123', 0, 2, '2022-08-02 23:29:32', NULL, NULL),
(764, 'grickerl7@istockphoto.com', '123', 0, 1, '2023-01-31 15:54:35', NULL, NULL),
(765, 'tkohrdingl8@msu.edu', '123', 0, 2, '2022-10-25 08:32:04', NULL, NULL),
(766, 'nmordacail9@weibo.com', '123', 0, 1, '2023-07-02 10:28:04', '2022-08-24 09:24:35', NULL),
(767, 'kjessopla@disqus.com', '123', 0, 3, '2023-05-22 18:46:58', NULL, NULL),
(768, 'clepruvostlb@vimeo.com', '123', 1, 2, '2022-07-08 06:16:16', NULL, NULL),
(769, 'gsimionlc@cbc.ca', '123', 0, 2, '2023-06-27 18:55:56', NULL, NULL),
(770, 'skobpald@issuu.com', '123', 1, 3, '2022-11-05 21:22:19', '2022-08-18 20:08:51', NULL),
(771, 'oaitchisonle@theatlantic.com', '123', 1, 2, '2022-12-30 11:01:04', NULL, NULL),
(772, 'llagneauxlf@usda.gov', '123', 0, 3, '2023-06-12 06:14:02', NULL, NULL),
(773, 'proselg@bizjournals.com', '123', 0, 3, '2022-10-02 17:35:36', NULL, NULL),
(774, 'sginnellylh@sitemeter.com', '123', 0, 2, '2023-04-08 03:48:20', NULL, NULL),
(775, 'eousleyli@networksolutions.com', '123', 1, 2, '2022-12-06 14:57:59', NULL, NULL),
(776, 'rogerslj@nba.com', '123', 0, 2, '2023-06-16 18:23:39', '2022-08-17 17:13:32', NULL),
(777, 'lbeldonlk@time.com', '123', 1, 2, '2022-07-25 04:42:25', '2022-12-13 00:44:19', NULL),
(778, 'scoombesll@wiley.com', '123', 1, 1, '2022-09-16 04:59:54', '2022-07-17 14:34:44', NULL),
(779, 'wlidgettlm@google.ru', '123', 0, 3, '2022-11-09 18:36:12', NULL, NULL),
(780, 'cdupoyln@telegraph.co.uk', '123', 1, 3, '2023-01-07 23:52:41', NULL, NULL),
(781, 'lbraggelo@blog.com', '123', 0, 3, '2022-10-19 13:56:12', NULL, NULL),
(782, 'ospringlp@aol.com', '123', 1, 1, '2023-07-02 17:15:36', '2023-06-11 23:35:03', NULL),
(783, 'kgraemelq@g.co', '123', 0, 2, '2023-01-10 07:16:53', NULL, '2023-01-03 05:50:45'),
(784, 'tboonlr@prweb.com', '123', 0, 2, '2022-07-16 23:35:28', NULL, NULL),
(785, 'dannicels@walmart.com', '123', 1, 1, '2023-04-17 11:10:45', NULL, NULL),
(786, 'rknilllt@gnu.org', '123', 1, 2, '2023-01-18 20:45:55', NULL, NULL),
(787, 'rnutonlu@rediff.com', '123', 1, 3, '2022-11-07 13:59:44', NULL, NULL),
(788, 'hdmytryklv@microsoft.com', '123', 1, 3, '2023-04-11 13:38:33', NULL, NULL),
(789, 'gspringelllw@ucla.edu', '123', 0, 3, '2023-06-03 09:22:19', NULL, NULL),
(790, 'ebullionlx@chronoengine.com', '123', 0, 1, '2023-04-08 10:50:32', NULL, NULL),
(791, 'rmillhillly@youtube.com', '123', 0, 2, '2023-07-03 02:51:35', NULL, NULL),
(792, 'magarlz@utexas.edu', '123', 1, 1, '2022-10-18 00:16:48', NULL, NULL),
(793, 'bcellim0@aboutads.info', '123', 1, 1, '2022-11-13 23:27:18', '2022-12-09 13:40:27', NULL),
(794, 'madamsm1@about.com', '123', 1, 1, '2022-10-02 23:48:29', NULL, NULL),
(795, 'pkestlem2@netlog.com', '123', 0, 1, '2022-11-09 13:18:25', NULL, NULL),
(796, 'dhattersleym3@si.edu', '123', 1, 1, '2022-10-16 20:30:46', NULL, NULL),
(797, 'nlikelym4@pcworld.com', '123', 0, 3, '2022-10-31 13:14:40', '2023-01-08 23:40:58', '2023-03-24 19:58:57'),
(798, 'nmacilhenchm5@cbsnews.com', '123', 1, 3, '2023-02-19 23:16:00', '2022-11-03 08:05:50', NULL),
(799, 'ddunbletonm6@twitpic.com', '123', 0, 2, '2023-05-30 02:31:24', NULL, NULL),
(800, 'bhearonm7@clickbank.net', '123', 1, 2, '2022-09-03 23:26:47', NULL, NULL),
(801, 'smoorrudm8@hatena.ne.jp', '123', 1, 1, '2023-01-21 23:14:58', '2023-04-05 21:53:13', NULL),
(802, 'ikeenleysidem9@scribd.com', '123', 0, 1, '2022-08-24 22:11:49', '2022-07-15 02:40:00', NULL),
(803, 'hartistma@hubpages.com', '123', 0, 1, '2023-03-29 11:38:17', '2023-03-02 20:14:07', NULL),
(804, 'nklasmb@fc2.com', '123', 1, 3, '2023-02-10 01:40:58', NULL, NULL),
(805, 'ncaswillmc@ucsd.edu', '123', 1, 2, '2022-10-03 07:27:54', NULL, NULL),
(806, 'akyrkemanmd@geocities.jp', '123', 0, 2, '2022-08-27 09:20:04', NULL, NULL),
(807, 'dproschekme@sfgate.com', '123', 0, 1, '2022-12-14 23:33:41', NULL, NULL),
(808, 'nwortsmf@nbcnews.com', '123', 1, 2, '2022-08-17 09:47:30', NULL, NULL),
(809, 'docarranmg@ft.com', '123', 1, 2, '2023-01-14 00:59:01', NULL, NULL),
(810, 'aklugermh@java.com', '123', 0, 1, '2023-02-05 04:20:04', '2023-02-20 03:34:36', NULL),
(811, 'zferrandezmi@oakley.com', '123', 0, 2, '2023-06-30 02:00:39', NULL, NULL),
(812, 'gcapponeermj@wix.com', '123', 1, 3, '2023-06-27 07:42:57', NULL, '2023-03-03 18:59:13'),
(813, 'aarkowmk@upenn.edu', '123', 0, 3, '2022-10-22 06:32:24', NULL, NULL),
(814, 'vswaileml@yelp.com', '123', 1, 2, '2023-04-19 22:46:17', NULL, NULL),
(815, 'hgobellmm@netvibes.com', '123', 1, 2, '2023-04-27 22:39:27', NULL, NULL),
(816, 'vbarrusmn@bizjournals.com', '123', 0, 2, '2023-03-18 03:21:08', NULL, NULL),
(817, 'gopperymo@apache.org', '123', 1, 2, '2022-11-17 08:05:12', NULL, NULL),
(818, 'gcasesmp@digg.com', '123', 1, 3, '2023-01-22 06:08:03', NULL, NULL),
(819, 'jjodlkowskimq@webmd.com', '123', 0, 2, '2023-04-30 00:41:39', '2023-01-14 23:30:38', NULL),
(820, 'dlidellmr@thetimes.co.uk', '123', 1, 3, '2022-12-12 09:35:04', '2023-02-14 09:54:52', NULL),
(821, 'ghuskinsonms@reuters.com', '123', 0, 1, '2022-11-10 03:32:37', '2023-06-30 10:35:37', NULL),
(822, 'hjaslemmt@csmonitor.com', '123', 0, 3, '2022-11-16 15:19:25', NULL, NULL),
(823, 'aotoweymu@cisco.com', '123', 0, 2, '2023-02-14 07:19:22', '2023-06-12 21:56:08', NULL),
(824, 'afilsonmv@toplist.cz', '123', 1, 3, '2022-09-09 17:05:21', NULL, NULL),
(825, 'vgiraudymw@furl.net', '123', 0, 2, '2023-01-22 22:03:58', NULL, NULL),
(826, 'jcowinmx@google.com.au', '123', 0, 2, '2023-05-16 11:33:14', NULL, NULL),
(827, 'dyanshinmy@census.gov', '123', 0, 2, '2023-05-28 00:35:27', '2023-02-28 01:52:53', NULL),
(828, 'vscaremz@reference.com', '123', 1, 2, '2022-07-16 20:43:46', '2023-03-21 18:26:21', NULL),
(829, 'emcgarrelln0@dailymotion.com', '123', 0, 2, '2022-07-30 19:18:58', '2023-01-01 10:56:17', NULL),
(830, 'dpoatn1@dion.ne.jp', '123', 0, 1, '2023-01-14 09:56:14', NULL, NULL),
(831, 'ffitzgeorgen2@google.ca', '123', 1, 1, '2022-12-04 06:30:15', NULL, NULL),
(832, 'cblakesn3@netlog.com', '123', 0, 2, '2023-04-15 19:18:12', NULL, NULL),
(833, 'gcastelletton4@slashdot.org', '123', 1, 3, '2023-01-25 17:11:28', NULL, NULL),
(834, 'rmcevonn5@hao123.com', '123', 1, 3, '2023-03-01 22:36:05', '2023-06-13 18:14:35', NULL),
(835, 'lbiddlestonn6@house.gov', '123', 1, 1, '2022-11-08 01:20:13', NULL, NULL),
(836, 'ifowlen7@newyorker.com', '123', 0, 3, '2022-10-02 15:06:28', '2023-02-11 05:46:43', NULL),
(837, 'sweekn8@cocolog-nifty.com', '123', 1, 3, '2023-05-06 13:53:07', NULL, NULL),
(838, 'smcneen9@bbc.co.uk', '123', 1, 2, '2022-11-28 09:05:25', NULL, NULL),
(839, 'cughinina@ihg.com', '123', 1, 2, '2022-10-14 19:14:55', NULL, NULL),
(840, 'tbecceranb@parallels.com', '123', 0, 1, '2022-12-23 11:23:56', '2022-07-05 02:52:00', NULL),
(841, 'pranfieldnc@utexas.edu', '123', 0, 3, '2022-08-29 23:13:07', NULL, NULL),
(842, 'cscarglend@about.com', '123', 0, 1, '2022-09-19 23:50:46', NULL, NULL),
(843, 'pobradainne@walmart.com', '123', 0, 3, '2023-01-22 15:59:57', '2023-04-07 19:23:24', NULL),
(844, 'falkinnf@japanpost.jp', '123', 0, 2, '2023-01-14 05:05:36', NULL, NULL),
(845, 'vcribbinsng@bravesites.com', '123', 0, 2, '2022-07-16 05:20:21', NULL, NULL),
(846, 'esambidgenh@biglobe.ne.jp', '123', 1, 1, '2023-04-13 08:10:34', NULL, NULL),
(847, 'jmurtimerni@google.nl', '123', 1, 1, '2022-10-16 10:34:29', NULL, NULL),
(848, 'eloreynj@noaa.gov', '123', 1, 1, '2022-10-07 17:53:08', NULL, NULL),
(849, 'bpomerynk@about.me', '123', 1, 3, '2023-03-18 02:14:09', NULL, NULL),
(850, 'kpetrollinl@cmu.edu', '123', 1, 3, '2023-05-23 01:23:00', NULL, NULL),
(851, 'ahlavacnm@xrea.com', '123', 0, 3, '2023-05-26 18:17:02', NULL, NULL),
(852, 'hseatternn@bing.com', '123', 1, 3, '2022-12-17 21:39:38', NULL, NULL),
(853, 'iholmyardno@rediff.com', '123', 0, 1, '2023-01-30 02:01:43', NULL, NULL),
(854, 'nledgertonnp@delicious.com', '123', 1, 1, '2022-12-24 16:34:44', NULL, NULL),
(855, 'kbeckmannnq@youtu.be', '123', 1, 1, '2023-03-02 18:10:46', NULL, '2022-10-07 12:23:30'),
(856, 'nmckibbinnr@wufoo.com', '123', 0, 3, '2023-06-22 19:53:17', NULL, NULL),
(857, 'sramshayns@slate.com', '123', 1, 3, '2023-01-21 05:37:07', NULL, '2022-09-22 04:44:22'),
(858, 'dlittleovernt@myspace.com', '123', 0, 2, '2022-12-10 17:35:07', '2022-09-03 18:30:27', NULL),
(859, 'kworpolenu@list-manage.com', '123', 1, 2, '2022-09-04 18:49:18', NULL, NULL),
(860, 'irollittnv@shop-pro.jp', '123', 1, 1, '2022-12-14 21:23:27', NULL, NULL),
(861, 'ctippernw@desdev.cn', '123', 0, 1, '2023-04-02 02:24:19', NULL, NULL),
(862, 'amusslewhitenx@com.com', '123', 0, 3, '2023-07-03 20:08:28', NULL, NULL),
(863, 'starbattny@php.net', '123', 1, 2, '2023-05-19 08:01:32', '2022-08-06 06:56:41', NULL),
(864, 'vferenz@globo.com', '123', 0, 3, '2022-08-19 12:54:48', '2023-05-18 12:05:32', NULL),
(865, 'srealo0@livejournal.com', '123', 1, 3, '2023-01-25 09:44:47', NULL, NULL),
(866, 'apottageo1@bloomberg.com', '123', 1, 1, '2022-08-07 06:29:34', '2023-05-17 00:43:22', NULL),
(867, 'wbeahano2@instagram.com', '123', 0, 3, '2022-07-09 19:30:42', NULL, NULL),
(868, 'hcrewdsono3@tamu.edu', '123', 1, 1, '2022-08-29 17:41:19', NULL, NULL),
(869, 'warletto4@webnode.com', '123', 1, 3, '2022-08-05 03:02:08', NULL, NULL),
(870, 'echilcotto5@wikipedia.org', '123', 1, 3, '2023-01-22 18:47:36', NULL, NULL),
(871, 'ccorroo6@latimes.com', '123', 1, 1, '2023-04-23 20:35:25', NULL, NULL),
(872, 'lworcestero7@alexa.com', '123', 0, 3, '2022-09-18 20:07:28', '2022-08-19 02:40:54', NULL),
(873, 'jwooffo8@dagondesign.com', '123', 0, 1, '2023-06-04 18:06:49', NULL, NULL),
(874, 'rcharlono9@plala.or.jp', '123', 0, 1, '2023-03-09 15:01:43', NULL, NULL),
(875, 'mrodgmanoa@noaa.gov', '123', 0, 3, '2023-01-20 10:23:50', '2023-05-10 07:17:37', NULL),
(876, 'scaramusciaob@springer.com', '123', 0, 2, '2023-04-07 04:06:56', NULL, NULL),
(877, 'csutherbyoc@wunderground.com', '123', 1, 3, '2022-11-03 07:12:24', '2022-10-13 02:50:30', NULL),
(878, 'ssiaskowskiod@ezinearticles.com', '123', 1, 2, '2023-05-18 07:10:12', NULL, NULL),
(879, 'kgeddisoe@prnewswire.com', '123', 1, 2, '2022-10-08 15:43:10', '2022-07-12 02:20:00', NULL),
(880, 'jberthouloumeof@illinois.edu', '123', 0, 3, '2023-06-26 07:47:12', '2023-02-25 09:27:42', NULL),
(881, 'mdevilleog@ftc.gov', '123', 0, 1, '2023-03-01 04:21:26', NULL, NULL),
(882, 'anonioh@npr.org', '123', 0, 1, '2022-12-15 01:44:53', NULL, NULL),
(883, 'jreasceoi@cafepress.com', '123', 0, 3, '2022-08-07 03:47:44', NULL, NULL),
(884, 'ereardonoj@parallels.com', '123', 0, 3, '2022-08-25 07:00:52', NULL, '2022-08-25 16:14:20'),
(885, 'ayanneok@naver.com', '123', 0, 1, '2022-08-10 15:39:10', '2022-10-29 22:02:54', NULL),
(886, 'mfaullol@who.int', '123', 1, 3, '2023-01-24 21:25:25', '2022-09-19 16:53:11', NULL),
(887, 'trillettom@jalbum.net', '123', 0, 3, '2023-07-01 12:03:16', NULL, NULL),
(888, 'kclinchon@dagondesign.com', '123', 1, 2, '2023-04-17 16:14:54', NULL, NULL),
(889, 'jlamminoo@cargocollective.com', '123', 1, 1, '2022-11-24 17:35:35', '2022-09-04 01:21:54', NULL),
(890, 'wmccreathop@china.com.cn', '123', 1, 1, '2023-04-13 08:47:47', NULL, NULL),
(891, 'bbeadleoq@utexas.edu', '123', 0, 3, '2023-05-05 16:56:43', NULL, NULL),
(892, 'egoldor@mtv.com', '123', 1, 2, '2022-11-15 14:56:37', NULL, NULL),
(893, 'lleckenbyos@wp.com', '123', 0, 2, '2023-03-01 01:53:47', NULL, NULL),
(894, 'dheninghemot@jugem.jp', '123', 0, 3, '2023-02-23 02:05:02', NULL, NULL),
(895, 'gmottramou@patch.com', '123', 1, 3, '2022-09-27 11:14:49', NULL, NULL),
(896, 'mbastockov@goodreads.com', '123', 1, 1, '2023-04-25 22:54:25', NULL, NULL),
(897, 'edanksow@uiuc.edu', '123', 0, 2, '2023-03-21 11:29:22', NULL, NULL),
(898, 'kmylesox@who.int', '123', 0, 3, '2023-03-07 02:31:43', '2022-10-05 02:03:03', NULL),
(899, 'fnaullsoy@slate.com', '123', 0, 1, '2022-12-11 04:01:16', NULL, NULL),
(900, 'sroullieroz@angelfire.com', '123', 1, 1, '2022-08-18 03:38:25', NULL, NULL),
(901, 'fhambeltonp0@ed.gov', '123', 1, 2, '2023-05-08 14:37:48', NULL, NULL),
(902, 'nwreffordp1@tripod.com', '123', 0, 2, '2022-07-28 20:22:28', NULL, NULL),
(903, 'ecarrickp2@google.pl', '123', 1, 3, '2022-09-11 02:00:23', '2022-11-06 01:19:02', NULL),
(904, 'mpreenep3@ow.ly', '123', 1, 1, '2022-11-24 21:44:07', NULL, NULL),
(905, 'fpadgintonp4@dropbox.com', '123', 1, 2, '2023-05-21 05:46:15', '2022-07-27 11:27:57', NULL),
(906, 'ratyeop5@timesonline.co.uk', '123', 0, 1, '2023-02-10 03:59:35', NULL, NULL),
(907, 'abyhamp6@hud.gov', '123', 0, 2, '2023-01-06 20:09:19', '2023-06-14 07:31:29', NULL),
(908, 'rzuanp7@pbs.org', '123', 1, 1, '2022-11-11 04:32:04', NULL, NULL),
(909, 'aduplanp8@cyberchimps.com', '123', 0, 2, '2022-07-31 21:00:00', NULL, '2023-02-17 08:57:25'),
(910, 'muziellip9@elpais.com', '123', 0, 2, '2023-02-14 13:32:09', NULL, NULL),
(911, 'vmcgeepa@1und1.de', '123', 0, 2, '2022-10-09 13:24:11', '2022-07-17 13:48:35', NULL),
(912, 'msalvagepb@apache.org', '123', 1, 1, '2023-01-08 11:14:11', '2022-08-26 05:48:18', NULL),
(913, 'llippipc@marriott.com', '123', 1, 3, '2023-04-10 06:30:55', NULL, NULL),
(914, 'pcuttlespd@xing.com', '123', 1, 3, '2022-12-08 10:13:22', '2023-06-08 20:31:32', NULL),
(915, 'bfontelpe@comsenz.com', '123', 0, 3, '2023-06-28 18:53:48', '2022-12-06 07:28:18', NULL),
(916, 'peddispf@yandex.ru', '123', 0, 3, '2023-02-02 08:07:53', NULL, NULL),
(917, 'mmauchlinepg@ca.gov', '123', 0, 2, '2023-05-19 23:25:06', '2023-02-27 10:37:11', NULL),
(918, 'koglevieph@archive.org', '123', 1, 3, '2022-09-21 00:31:02', '2022-09-08 15:22:57', NULL),
(919, 'tlavaldepi@feedburner.com', '123', 1, 1, '2022-11-19 15:12:31', NULL, NULL),
(920, 'ptribellpj@google.com.br', '123', 1, 1, '2023-02-11 06:32:07', NULL, NULL),
(921, 'wdelaundepk@usatoday.com', '123', 1, 3, '2022-09-12 16:30:50', NULL, NULL),
(922, 'qsnuggpl@apache.org', '123', 1, 3, '2023-05-18 19:25:55', NULL, NULL),
(923, 'vmordantipm@elpais.com', '123', 1, 2, '2022-09-14 17:41:30', NULL, NULL),
(924, 'eallewaypn@indiegogo.com', '123', 0, 3, '2023-02-23 12:37:01', '2022-10-12 09:06:22', NULL),
(925, 'ktannpo@tumblr.com', '123', 0, 1, '2022-10-08 06:39:13', NULL, NULL),
(926, 'awiburnpp@usda.gov', '123', 0, 2, '2023-06-14 16:51:04', NULL, NULL),
(927, 'mborthrampq@vinaora.com', '123', 0, 2, '2023-03-16 23:56:11', NULL, NULL),
(928, 'fgrayshanpr@ucoz.com', '123', 1, 2, '2022-08-29 04:16:02', NULL, '2022-09-27 02:07:44'),
(929, 'ddanilovicps@europa.eu', '123', 1, 2, '2023-01-04 16:07:50', NULL, NULL),
(930, 'gcolafatept@slideshare.net', '123', 0, 1, '2022-11-19 15:16:46', NULL, NULL),
(931, 'rfianderpu@cdc.gov', '123', 0, 2, '2022-07-25 13:02:16', '2023-04-29 06:34:00', '2022-07-31 11:27:23'),
(932, 'mandersenpv@drupal.org', '123', 1, 3, '2023-04-03 15:09:08', NULL, NULL),
(933, 'mbowickpw@pbs.org', '123', 0, 3, '2022-11-18 09:35:50', NULL, NULL),
(934, 'cclousleypx@bigcartel.com', '123', 1, 1, '2022-11-29 23:31:32', NULL, '2022-09-28 03:44:36'),
(935, 'einnmanpy@phoca.cz', '123', 1, 1, '2022-08-22 16:02:06', '2022-11-16 19:28:20', NULL),
(936, 'pmcgeffenpz@1688.com', '123', 1, 2, '2022-08-21 02:23:31', NULL, NULL),
(937, 'jcicculiq0@youtu.be', '123', 1, 3, '2023-03-09 22:28:17', '2022-08-28 00:34:36', NULL),
(938, 'shumphrysq1@uol.com.br', '123', 1, 3, '2022-12-07 03:44:17', NULL, NULL),
(939, 'aevendenq2@yahoo.com', '123', 0, 1, '2023-05-11 10:06:31', NULL, NULL),
(940, 'mfulgerq3@hhs.gov', '123', 0, 3, '2022-12-18 09:36:18', '2023-01-22 14:41:37', NULL),
(941, 'afrankomq4@t.co', '123', 0, 1, '2022-10-10 18:07:50', '2023-05-06 01:31:57', NULL),
(942, 'bconnellyq5@ezinearticles.com', '123', 0, 2, '2022-07-19 05:50:28', NULL, NULL),
(943, 'gcrewq6@csmonitor.com', '123', 0, 1, '2022-12-15 22:51:36', NULL, NULL),
(944, 'sgoodingsq7@google.co.jp', '123', 0, 1, '2023-01-10 01:11:53', NULL, NULL),
(945, 'lsandwickq8@cbc.ca', '123', 1, 2, '2022-10-08 04:04:05', NULL, NULL),
(946, 'nhaliburtonq9@godaddy.com', '123', 1, 3, '2022-07-07 00:40:59', '2023-06-08 12:15:24', NULL),
(947, 'awindasqa@squarespace.com', '123', 0, 3, '2023-03-28 08:04:08', NULL, NULL),
(948, 'bgapperqb@oakley.com', '123', 0, 1, '2022-08-06 09:51:43', '2023-02-24 15:56:25', NULL),
(949, 'rabeleqc@about.me', '123', 1, 2, '2023-03-18 12:28:06', NULL, NULL),
(950, 'bleathesqd@themeforest.net', '123', 0, 3, '2023-04-22 23:05:30', NULL, NULL),
(951, 'trodrigoqe@google.com.au', '123', 1, 1, '2023-04-20 04:07:39', NULL, NULL),
(952, 'abohlerqf@discuz.net', '123', 1, 1, '2023-01-10 09:57:39', '2022-10-20 02:53:22', NULL),
(953, 'djamaryqg@1688.com', '123', 0, 1, '2023-03-07 18:28:11', NULL, NULL),
(954, 'aduckerqh@scribd.com', '123', 0, 3, '2023-06-03 15:33:07', NULL, NULL),
(955, 'afoddyqi@eepurl.com', '123', 1, 1, '2022-12-23 09:50:09', NULL, NULL),
(956, 'lbunhillqj@biglobe.ne.jp', '123', 0, 2, '2022-10-22 03:54:58', NULL, NULL),
(957, 'lwingarqk@pbs.org', '123', 0, 3, '2023-05-07 03:49:55', NULL, NULL),
(958, 'mcookql@harvard.edu', '123', 1, 3, '2023-02-10 23:02:31', NULL, NULL),
(959, 'thullockqm@geocities.com', '123', 0, 2, '2022-09-27 16:55:42', '2023-01-14 06:02:23', NULL),
(960, 'dpottellqn@addtoany.com', '123', 1, 2, '2023-05-08 13:16:39', '2023-05-12 18:38:09', NULL),
(961, 'giannuzzelliqo@macromedia.com', '123', 1, 1, '2023-04-14 20:27:31', NULL, '2022-11-13 17:51:01'),
(962, 'msutherlandqp@yellowpages.com', '123', 1, 1, '2023-03-23 01:26:39', NULL, NULL),
(963, 'aspeaksqq@de.vu', '123', 1, 1, '2022-09-08 19:58:37', NULL, NULL),
(964, 'aroantreeqr@wikispaces.com', '123', 0, 2, '2023-03-28 11:03:31', '2022-12-11 13:55:30', '2022-08-05 07:30:51'),
(965, 'gbrosettiqs@nbcnews.com', '123', 0, 2, '2022-10-05 21:35:06', NULL, NULL),
(966, 'fdetocqt@wiley.com', '123', 1, 3, '2023-04-30 05:31:41', NULL, NULL),
(967, 'gjestqu@miitbeian.gov.cn', '123', 0, 1, '2023-02-08 09:14:20', '2022-10-12 15:28:41', NULL),
(968, 'mlekeuxqv@prweb.com', '123', 1, 3, '2023-06-05 07:14:12', NULL, NULL),
(969, 'gsifflettqw@geocities.jp', '123', 1, 1, '2023-06-22 04:01:34', NULL, NULL),
(970, 'rcocklingqx@elpais.com', '123', 0, 1, '2022-12-28 06:03:02', '2023-04-26 21:36:26', NULL),
(971, 'jswadenqy@1688.com', '123', 0, 1, '2022-08-22 12:38:35', NULL, NULL),
(972, 'ffaggeqz@ed.gov', '123', 0, 2, '2023-04-26 20:12:03', NULL, NULL),
(973, 'eantragr0@slashdot.org', '123', 0, 1, '2022-12-01 10:50:04', NULL, NULL),
(974, 'mchapmanr1@blog.com', '123', 0, 3, '2022-09-15 07:16:31', NULL, NULL),
(975, 'kvandevliesr2@hao123.com', '123', 0, 3, '2022-07-23 13:13:24', NULL, NULL),
(976, 'pelbyr3@canalblog.com', '123', 1, 2, '2022-07-10 13:07:52', '2023-06-15 08:17:06', '2023-06-30 14:23:58'),
(977, 'lscipseyr4@plala.or.jp', '123', 1, 2, '2023-01-08 11:02:51', '2023-03-23 23:10:32', NULL),
(978, 'driddioughr5@miibeian.gov.cn', '123', 1, 1, '2023-02-27 04:58:54', '2023-03-24 03:38:25', NULL),
(979, 'thartzogr6@uiuc.edu', '123', 1, 3, '2023-02-13 23:06:50', NULL, NULL),
(980, 'ngirhardr7@cocolog-nifty.com', '123', 1, 3, '2022-09-01 02:44:41', NULL, '2022-12-16 14:51:07'),
(981, 'hwilleyr8@webeden.co.uk', '123', 1, 3, '2023-05-03 00:21:04', NULL, '2022-11-10 13:31:51'),
(982, 'amullisr9@example.com', '123', 0, 2, '2023-04-09 13:54:20', '2022-11-04 12:09:32', NULL),
(983, 'fkirlinra@geocities.jp', '123', 0, 1, '2023-03-01 03:38:05', NULL, NULL),
(984, 'cviccaryrb@yahoo.com', '123', 0, 3, '2023-01-10 01:06:18', NULL, NULL),
(985, 'nvolksrc@hubpages.com', '123', 0, 2, '2023-01-12 21:15:13', NULL, NULL),
(986, 'gwaterhowserd@linkedin.com', '123', 0, 3, '2023-06-08 13:47:11', NULL, NULL),
(987, 'kleberre@discuz.net', '123', 0, 1, '2023-04-25 05:06:30', NULL, NULL),
(988, 'gdeinhardtrf@hubpages.com', '123', 1, 3, '2023-05-11 22:08:07', '2022-10-25 18:15:07', NULL),
(989, 'svannuccinirg@admin.ch', '123', 1, 2, '2022-09-26 15:48:45', NULL, NULL),
(990, 'amehewrh@hibu.com', '123', 0, 2, '2022-08-01 05:38:07', NULL, NULL),
(991, 'qcardenosari@ox.ac.uk', '123', 1, 1, '2023-04-07 19:48:40', NULL, NULL),
(992, 'ljedrychowskirj@meetup.com', '123', 1, 3, '2023-05-02 11:14:51', NULL, NULL),
(993, 'lclewlowerk@whitehouse.gov', '123', 1, 1, '2022-08-04 00:31:24', NULL, NULL),
(994, 'rcollefordrl@uol.com.br', '123', 0, 3, '2023-03-08 18:34:02', NULL, NULL),
(995, 'kseabrookerm@dell.com', '123', 0, 1, '2023-02-16 05:25:23', '2022-08-20 11:49:48', NULL),
(996, 'jbuckerfieldrn@shop-pro.jp', '123', 0, 3, '2022-07-17 12:37:01', NULL, NULL),
(997, 'ekristoffersenro@shinystat.com', '123', 1, 2, '2022-10-01 08:52:30', NULL, '2022-11-27 12:52:09'),
(998, 'mhairsnaperp@google.pl', '123', 1, 2, '2023-04-09 13:54:27', NULL, NULL),
(999, 'sboldeckerq@cnet.com', '123', 0, 2, '2022-08-19 14:38:41', '2022-10-26 04:06:33', NULL),
(1000, 'jblightrr@seattletimes.com', '123', 0, 1, '2023-04-03 19:21:26', '2023-03-18 04:26:05', NULL);

--
-- Contraintes pour les tables déchargées
--

--
-- Contraintes pour la table `utilisateur`
--
ALTER TABLE `utilisateur`
  ADD CONSTRAINT `fk_categorie_id` FOREIGN KEY (`categorie_id`) REFERENCES `categorie` (`id`) ON DELETE NO ACTION ON UPDATE NO ACTION;
SET FOREIGN_KEY_CHECKS=1;
COMMIT;

/*!40101 SET CHARACTER_SET_CLIENT=@OLD_CHARACTER_SET_CLIENT */;
/*!40101 SET CHARACTER_SET_RESULTS=@OLD_CHARACTER_SET_RESULTS */;
/*!40101 SET COLLATION_CONNECTION=@OLD_COLLATION_CONNECTION */;
